mutation,beta_h1,wt_aa,site,mut_aa,shifted_site,shift,beta_h2,wt_aa_h1,wt_aa_h2,bundle_mut
G1A,-2.9812638398327005,G,1,A,False,0.0,-2.9812638398327005,G,G,False
G1C,-5.609744924039675,G,1,C,False,0.0,-5.609744924039675,G,G,False
G1D,-0.7511016227043874,G,1,D,False,0.0,-0.7511016227043874,G,G,False
G1E,-5.157104756021443,G,1,E,False,0.0,-5.157104756021443,G,G,False
G1F,-1.0193237690779429,G,1,F,False,0.0,-1.0193237690779429,G,G,False
G1H,-8.638545029817532,G,1,H,False,0.0,-8.638545029817532,G,G,False
G1I,1.9279045716925154,G,1,I,False,0.0,1.9279045716925154,G,G,False
G1K,-3.163386177889318,G,1,K,False,0.0,-3.163386177889318,G,G,False
G1L,0.7492196931314137,G,1,L,False,0.0,0.7492196931314137,G,G,False
G1M,-5.278068103793091,G,1,M,False,0.0,-5.278068103793091,G,G,False
G1N,-0.01571357838810572,G,1,N,False,0.0,-0.01571357838810572,G,G,False
G1P,-4.3680458265726365,G,1,P,False,0.0,-4.3680458265726365,G,G,False
G1Q,-2.53735106878586,G,1,Q,False,0.0,-2.53735106878586,G,G,False
G1R,0.3931183247134491,G,1,R,False,0.0,0.3931183247134491,G,G,False
G1S,-8.259976777581414,G,1,S,False,0.0,-8.259976777581414,G,G,False
G1T,0.7114589270391791,G,1,T,False,0.0,0.7114589270391791,G,G,False
G1V,-0.14019613736019954,G,1,V,False,0.0,-0.14019613736019954,G,G,False
G1W,-0.7798903494677714,G,1,W,False,0.0,-0.7798903494677714,G,G,False
G1Y,-2.316362573760313,G,1,Y,False,0.0,-2.316362573760313,G,G,False
G1*,-15.0,G,1,*,False,0.0,-15.0,G,G,False
S2A,-9.286490236818922,S,2,A,False,0.0,-9.286490236818922,S,S,False
S2C,-4.508904689642222,S,2,C,False,0.0,-4.508904689642222,S,S,False
S2D,0.9175394484451997,S,2,D,False,0.0,0.9175394484451997,S,S,False
S2E,-1.1942572240916067,S,2,E,False,0.0,-1.1942572240916067,S,S,False
S2F,-0.4756787473106448,S,2,F,False,0.0,-0.4756787473106448,S,S,False
S2G,-7.8827251117763275,S,2,G,False,0.0,-7.8827251117763275,S,S,False
S2H,-3.3411562726418973,S,2,H,False,0.0,-3.3411562726418973,S,S,False
S2I,1.1049404928513873,S,2,I,False,0.0,1.1049404928513873,S,S,False
S2K,-4.0845162507843815,S,2,K,False,0.0,-4.0845162507843815,S,S,False
S2L,-1.1346933804445825,S,2,L,False,0.0,-1.1346933804445825,S,S,False
S2M,-5.710411834960766,S,2,M,False,0.0,-5.710411834960766,S,S,False
S2N,-8.140761698359169,S,2,N,False,0.0,-8.140761698359169,S,S,False
S2P,-0.6296142144767338,S,2,P,False,0.0,-0.6296142144767338,S,S,False
S2Q,-2.8820478400179073,S,2,Q,False,0.0,-2.8820478400179073,S,S,False
S2R,-1.2940865357681108,S,2,R,False,0.0,-1.2940865357681108,S,S,False
S2T,-9.599370001240342,S,2,T,False,0.0,-9.599370001240342,S,S,False
S2V,0.47629059425062215,S,2,V,False,0.0,0.47629059425062215,S,S,False
S2W,0.7283234883359899,S,2,W,False,0.0,0.7283234883359899,S,S,False
S2Y,-0.033569036396070895,S,2,Y,False,0.0,-0.033569036396070895,S,S,False
S2*,-15.0,S,2,*,False,0.0,-15.0,S,S,False
S3A,-3.927142366261091,S,3,A,False,0.0,-3.927142366261091,S,S,False
S3C,-4.82594769208241,S,3,C,False,0.0,-4.82594769208241,S,S,False
S3D,-2.597115061030388,S,3,D,False,0.0,-2.597115061030388,S,S,False
S3E,-7.458805905454785,S,3,E,False,0.0,-7.458805905454785,S,S,False
S3F,-5.683948604817686,S,3,F,False,0.0,-5.683948604817686,S,S,False
S3G,0.014599730703569347,S,3,G,False,0.0,0.014599730703569347,S,S,False
S3H,-1.8479008027509698,S,3,H,False,0.0,-1.8479008027509698,S,S,False
S3I,1.6066507332009765,S,3,I,False,0.0,1.6066507332009765,S,S,False
S3K,-1.6733972259120122,S,3,K,False,0.0,-1.6733972259120122,S,S,False
S3L,-3.7476626013839107,S,3,L,False,0.0,-3.7476626013839107,S,S,False
S3M,-7.711137092512869,S,3,M,False,0.0,-7.711137092512869,S,S,False
S3N,-1.9373076315138573,S,3,N,False,0.0,-1.9373076315138573,S,S,False
S3P,-1.9960000418089214,S,3,P,False,0.0,-1.9960000418089214,S,S,False
S3Q,0.8693131123982007,S,3,Q,False,0.0,0.8693131123982007,S,S,False
S3R,-4.474027990847166,S,3,R,False,0.0,-4.474027990847166,S,S,False
S3T,-3.6424092960691326,S,3,T,False,0.0,-3.6424092960691326,S,S,False
S3V,0.0014813964250258715,S,3,V,False,0.0,0.0014813964250258715,S,S,False
S3W,-9.65601516025142,S,3,W,False,0.0,-9.65601516025142,S,S,False
S3Y,-3.250083481505577,S,3,Y,False,0.0,-3.250083481505577,S,S,False
S3*,-15.0,S,3,*,False,0.0,-15.0,S,S,False
F4A,0.768639620949243,F,4,A,False,0.0,0.768639620949243,F,F,False
F4C,-0.322772234355614,F,4,C,False,0.0,-0.322772234355614,F,F,False
F4D,-4.876917104729822,F,4,D,False,0.0,-4.876917104729822,F,F,False
F4E,-4.291758934215779,F,4,E,False,0.0,-4.291758934215779,F,F,False
F4G,-4.91121989375881,F,4,G,False,0.0,-4.91121989375881,F,F,False
F4H,-2.4850791326617565,F,4,H,False,0.0,-2.4850791326617565,F,F,False
F4I,-0.037038248069014235,F,4,I,False,0.0,-0.037038248069014235,F,F,False
F4K,0.7264617524546635,F,4,K,False,0.0,0.7264617524546635,F,F,False
F4L,-1.4514692762270522,F,4,L,False,0.0,-1.4514692762270522,F,F,False
F4M,-4.126689568542065,F,4,M,False,0.0,-4.126689568542065,F,F,False
F4N,0.3693454105649563,F,4,N,False,0.0,0.3693454105649563,F,F,False
F4P,-11.68967649259691,F,4,P,False,0.0,-11.68967649259691,F,F,False
F4Q,0.8294608986325667,F,4,Q,False,0.0,0.8294608986325667,F,F,False
F4R,-5.059813210980202,F,4,R,False,0.0,-5.059813210980202,F,F,False
F4S,0.15653037896473543,F,4,S,False,0.0,0.15653037896473543,F,F,False
F4T,0.45666719488812724,F,4,T,False,0.0,0.45666719488812724,F,F,False
F4V,-4.496506087312923,F,4,V,False,0.0,-4.496506087312923,F,F,False
F4W,-1.163403501536786,F,4,W,False,0.0,-1.163403501536786,F,F,False
F4Y,-1.1207762979063967,F,4,Y,False,0.0,-1.1207762979063967,F,F,False
F4*,-15.0,F,4,*,False,0.0,-15.0,F,F,False
S5A,-9.629776851103433,S,5,A,False,0.0,-9.629776851103433,S,S,False
S5C,-2.324649009732161,S,5,C,False,0.0,-2.324649009732161,S,S,False
S5D,0.26881379665542793,S,5,D,False,0.0,0.26881379665542793,S,S,False
S5E,-3.1995291166310187,S,5,E,False,0.0,-3.1995291166310187,S,S,False
S5F,-6.706652103348058,S,5,F,False,0.0,-6.706652103348058,S,S,False
S5G,-3.580173984368419,S,5,G,False,0.0,-3.580173984368419,S,S,False
S5H,-3.4836658324647636,S,5,H,False,0.0,-3.4836658324647636,S,S,False
S5I,-0.1935275113616633,S,5,I,False,0.0,-0.1935275113616633,S,S,False
S5K,-4.2305426230201135,S,5,K,False,0.0,-4.2305426230201135,S,S,False
S5L,-1.3549052910608501,S,5,L,False,0.0,-1.3549052910608501,S,S,False
S5M,-1.3572157211125377,S,5,M,False,0.0,-1.3572157211125377,S,S,False
S5N,-2.2997066923917098,S,5,N,False,0.0,-2.2997066923917098,S,S,False
S5P,-0.2671151769894636,S,5,P,False,0.0,-0.2671151769894636,S,S,False
S5Q,3.2168192734953998,S,5,Q,False,0.0,3.2168192734953998,S,S,False
S5R,-3.7915201398178615,S,5,R,False,0.0,-3.7915201398178615,S,S,False
S5T,0.24030007249713314,S,5,T,False,0.0,0.24030007249713314,S,S,False
S5V,-5.42373377068396,S,5,V,False,0.0,-5.42373377068396,S,S,False
S5W,-2.3743713592962994,S,5,W,False,0.0,-2.3743713592962994,S,S,False
S5Y,-6.694329046382264,S,5,Y,False,0.0,-6.694329046382264,S,S,False
S5*,-15.0,S,5,*,False,0.0,-15.0,S,S,False
G6A,-0.5597296863154706,G,6,A,False,0.0,-0.5597296863154706,G,G,False
G6C,-1.4858165313905807,G,6,C,False,0.0,-1.4858165313905807,G,G,False
G6D,-5.278708855249992,G,6,D,False,0.0,-5.278708855249992,G,G,False
G6E,-3.890252916856101,G,6,E,False,0.0,-3.890252916856101,G,G,False
G6F,-2.5665485059485653,G,6,F,False,0.0,-2.5665485059485653,G,G,False
G6H,-2.2358519999441713,G,6,H,False,0.0,-2.2358519999441713,G,G,False
G6I,-5.833014649515564,G,6,I,False,0.0,-5.833014649515564,G,G,False
G6K,-6.453294678772624,G,6,K,False,0.0,-6.453294678772624,G,G,False
G6L,-1.0657928111533679,G,6,L,False,0.0,-1.0657928111533679,G,G,False
G6M,-4.809392654482233,G,6,M,False,0.0,-4.809392654482233,G,G,False
G6N,-1.26653434898135,G,6,N,False,0.0,-1.26653434898135,G,G,False
G6P,0.6799515070972693,G,6,P,False,0.0,0.6799515070972693,G,G,False
G6Q,-9.505041282525255,G,6,Q,False,0.0,-9.505041282525255,G,G,False
G6R,-4.463918300947346,G,6,R,False,0.0,-4.463918300947346,G,G,False
G6S,-5.6900346007178495,G,6,S,False,0.0,-5.6900346007178495,G,G,False
G6T,-2.775417015064378,G,6,T,False,0.0,-2.775417015064378,G,G,False
G6V,-5.312578528186338,G,6,V,False,0.0,-5.312578528186338,G,G,False
G6W,-2.442637338648393,G,6,W,False,0.0,-2.442637338648393,G,G,False
G6Y,-2.119992050599878,G,6,Y,False,0.0,-2.119992050599878,G,G,False
G6*,-15.0,G,6,*,False,0.0,-15.0,G,G,False
T7A,-0.42240775784841267,T,7,A,False,0.0,-0.42240775784841267,T,T,False
T7C,-3.9001735543698604,T,7,C,False,0.0,-3.9001735543698604,T,T,False
T7D,-10.551926434305567,T,7,D,False,0.0,-10.551926434305567,T,T,False
T7E,-3.425879544338986,T,7,E,False,0.0,-3.425879544338986,T,T,False
T7F,-4.792383587592504,T,7,F,False,0.0,-4.792383587592504,T,T,False
T7G,-2.912125049124162,T,7,G,False,0.0,-2.912125049124162,T,T,False
T7H,-1.0292622431679073,T,7,H,False,0.0,-1.0292622431679073,T,T,False
T7I,-5.343594209310954,T,7,I,False,0.0,-5.343594209310954,T,T,False
T7K,-2.0478559219022405,T,7,K,False,0.0,-2.0478559219022405,T,T,False
T7L,-0.6929881774338916,T,7,L,False,0.0,-0.6929881774338916,T,T,False
T7M,-1.7309716479243118,T,7,M,False,0.0,-1.7309716479243118,T,T,False
T7N,-4.374816682213527,T,7,N,False,0.0,-4.374816682213527,T,T,False
T7P,0.882338292187725,T,7,P,False,0.0,0.882338292187725,T,T,False
T7Q,0.06749614985299313,T,7,Q,False,0.0,0.06749614985299313,T,T,False
T7R,-4.299432665234746,T,7,R,False,0.0,-4.299432665234746,T,T,False
T7S,-2.27614989707385,T,7,S,False,0.0,-2.27614989707385,T,T,False
T7V,-8.969596659049417,T,7,V,False,0.0,-8.969596659049417,T,T,False
T7W,-0.9648552594839975,T,7,W,False,0.0,-0.9648552594839975,T,T,False
T7Y,-1.2133839177715544,T,7,Y,False,0.0,-1.2133839177715544,T,T,False
T7*,-15.0,T,7,*,False,0.0,-15.0,T,T,False
V8A,-7.3898006611521865,V,8,A,True,1.3292121726491863,-6.060588488503,V,G,False
V8C,-7.620389757779383,V,8,C,True,-0.770033452004849,-8.390423209784231,V,G,False
V8D,-7.295377710909677,V,8,D,True,-0.31628035962142975,-7.6116580705311065,V,G,False
V8E,-0.7291426083478552,V,8,E,True,-0.990810386640961,-1.7199529949888162,V,G,False
V8F,-1.3699866653223836,V,8,F,True,-1.0708162556202396,-2.440802920942623,V,G,False
V8G,0.8343489318417678,V,8,G,True,-1.4387132798348028,-0.604364347993035,V,G,True
V8H,-7.936113575636709,V,8,H,True,0.5644168515196336,-7.371696724117075,V,G,False
V8I,0.4354986577890826,V,8,I,True,0.29572188762233814,0.7312205454114207,V,G,False
V8K,-0.2936931480453242,V,8,K,True,-1.626404233310685,-1.9200973813560092,V,G,False
V8L,0.35548655781169314,V,8,L,True,0.21956519874807617,0.5750517565597693,V,G,False
V8M,-4.40174567504497,V,8,M,True,0.6788047990250634,-3.7229408760199068,V,G,False
V8N,0.9781725246857293,V,8,N,True,1.8892727314152815,2.8674452561010106,V,G,False
V8P,-1.0758818630597375,V,8,P,True,0.9615383986783163,-0.11434346438142129,V,G,False
V8Q,0.3339902575319177,V,8,Q,True,0.10401119568373923,0.4380014532156569,V,G,False
V8R,-6.429926703014161,V,8,R,True,-0.481165317281003,-6.911092020295164,V,G,False
V8S,-7.818129432317255,V,8,S,True,0.8502285312282443,-6.967900901089011,V,G,False
V8T,-6.880164422975602,V,8,T,True,1.4534246664060821,-5.4267397565695195,V,G,False
V8W,-0.610400738633364,V,8,W,True,1.0577374355811098,0.4473366969477458,V,G,False
V8Y,-5.534522002724728,V,8,Y,True,0.16556160715827276,-5.3689603955664555,V,G,False
V8*,-15.0,V,8,*,True,0.0,-15.0,V,G,False
S9A,-3.8697222128319866,S,9,A,False,0.0,-3.8697222128319866,S,E,False
S9C,-3.8383756081225187,S,9,C,False,0.0,-3.8383756081225187,S,E,False
S9D,-1.4716702839287783,S,9,D,False,0.0,-1.4716702839287783,S,E,False
S9E,-0.7051460475781897,S,9,E,False,0.0,-0.7051460475781897,S,E,True
S9F,1.5806010880452321,S,9,F,False,0.0,1.5806010880452321,S,E,False
S9G,-1.416298596806365,S,9,G,False,0.0,-1.416298596806365,S,E,False
S9H,-2.3995024614556333,S,9,H,False,0.0,-2.3995024614556333,S,E,False
S9I,0.3462495204370384,S,9,I,False,0.0,0.3462495204370384,S,E,False
S9K,3.2183661732327984,S,9,K,False,0.0,3.2183661732327984,S,E,False
S9L,-5.131572903641179,S,9,L,False,0.0,-5.131572903641179,S,E,False
S9M,-5.480176151177952,S,9,M,False,0.0,-5.480176151177952,S,E,False
S9N,-0.490848505051579,S,9,N,False,0.0,-0.490848505051579,S,E,False
S9P,4.205344650861996,S,9,P,False,0.0,4.205344650861996,S,E,False
S9Q,-6.008161236390147,S,9,Q,False,0.0,-6.008161236390147,S,E,False
S9R,-2.204171024061188,S,9,R,False,0.0,-2.204171024061188,S,E,False
S9T,-5.660204966529879,S,9,T,False,0.0,-5.660204966529879,S,E,False
S9V,-6.72727801917324,S,9,V,False,0.0,-6.72727801917324,S,E,False
S9W,-0.01873427729693966,S,9,W,False,0.0,-0.01873427729693966,S,E,False
S9Y,-1.5512810722003747,S,9,Y,False,0.0,-1.5512810722003747,S,E,False
S9*,-15.0,S,9,*,False,0.0,-15.0,S,E,False
G10A,4.569582985455899,G,10,A,False,0.0,4.569582985455899,G,G,False
G10C,-0.4732638195112524,G,10,C,False,0.0,-0.4732638195112524,G,G,False
G10D,-5.6545746324906085,G,10,D,False,0.0,-5.6545746324906085,G,G,False
G10E,1.1885863540866897,G,10,E,False,0.0,1.1885863540866897,G,G,False
G10F,-7.5048022020827565,G,10,F,False,0.0,-7.5048022020827565,G,G,False
G10H,-1.748151759243846,G,10,H,False,0.0,-1.748151759243846,G,G,False
G10I,-3.5507142448718434,G,10,I,False,0.0,-3.5507142448718434,G,G,False
G10K,-2.438374872250486,G,10,K,False,0.0,-2.438374872250486,G,G,False
G10L,-4.961759860876302,G,10,L,False,0.0,-4.961759860876302,G,G,False
G10M,-5.272188757121969,G,10,M,False,0.0,-5.272188757121969,G,G,False
G10N,-0.8355409798224555,G,10,N,False,0.0,-0.8355409798224555,G,G,False
G10P,-3.8641646131015714,G,10,P,False,0.0,-3.8641646131015714,G,G,False
G10Q,-8.527188952469302,G,10,Q,False,0.0,-8.527188952469302,G,G,False
G10R,-5.632756792908304,G,10,R,False,0.0,-5.632756792908304,G,G,False
G10S,-1.8348108551672069,G,10,S,False,0.0,-1.8348108551672069,G,G,False
G10T,-11.25463217259513,G,10,T,False,0.0,-11.25463217259513,G,G,False
G10V,-6.865670860341137,G,10,V,False,0.0,-6.865670860341137,G,G,False
G10W,-1.0735458112585357,G,10,W,False,0.0,-1.0735458112585357,G,G,False
G10Y,-4.3990898236644975,G,10,Y,False,0.0,-4.3990898236644975,G,G,False
G10*,-15.0,G,10,*,False,0.0,-15.0,G,G,False
V11A,-6.719556710066924,V,11,A,False,0.0,-6.719556710066924,V,V,False
V11C,0.045860850898201355,V,11,C,False,0.0,0.045860850898201355,V,V,False
V11D,-1.117380674092836,V,11,D,False,0.0,-1.117380674092836,V,V,False
V11E,-4.484018400060975,V,11,E,False,0.0,-4.484018400060975,V,V,False
V11F,-4.157819642534513,V,11,F,False,0.0,-4.157819642534513,V,V,False
V11G,-1.7512630289392161,V,11,G,False,0.0,-1.7512630289392161,V,V,False
V11H,-0.6824846354466686,V,11,H,False,0.0,-0.6824846354466686,V,V,False
V11I,-4.515580391865138,V,11,I,False,0.0,-4.515580391865138,V,V,False
V11K,-6.770987310567659,V,11,K,False,0.0,-6.770987310567659,V,V,False
V11L,-1.9179189705933337,V,11,L,False,0.0,-1.9179189705933337,V,V,False
V11M,-3.4294752053395428,V,11,M,False,0.0,-3.4294752053395428,V,V,False
V11N,-3.027334600724514,V,11,N,False,0.0,-3.027334600724514,V,V,False
V11P,-0.9648883761747337,V,11,P,False,0.0,-0.9648883761747337,V,V,False
V11Q,-10.679793098843401,V,11,Q,False,0.0,-10.679793098843401,V,V,False
V11R,-1.3309786875842569,V,11,R,False,0.0,-1.3309786875842569,V,V,False
V11S,-3.199562147137205,V,11,S,False,0.0,-3.199562147137205,V,V,False
V11T,-4.878861313964519,V,11,T,False,0.0,-4.878861313964519,V,V,False
V11W,-5.81910339733542,V,11,W,False,0.0,-5.81910339733542,V,V,False
V11Y,-4.105403250096299,V,11,Y,False,0.0,-4.105403250096299,V,V,False
V11*,-15.0,V,11,*,False,0.0,-15.0,V,V,False
V12A,-3.9268217661055855,V,12,A,False,0.0,-3.9268217661055855,V,V,False
V12C,1.3260615197480798,V,12,C,False,0.0,1.3260615197480798,V,V,False
V12D,0.719032295847402,V,12,D,False,0.0,0.719032295847402,V,V,False
V12E,-1.3275043222552934,V,12,E,False,0.0,-1.3275043222552934,V,V,False
V12F,3.3466852226196586,V,12,F,False,0.0,3.3466852226196586,V,V,False
V12G,-4.012178695545396,V,12,G,False,0.0,-4.012178695545396,V,V,False
V12H,-0.005483484692876461,V,12,H,False,0.0,-0.005483484692876461,V,V,False
V12I,-1.7255482365739145,V,12,I,False,0.0,-1.7255482365739145,V,V,False
V12K,-3.123108635484797,V,12,K,False,0.0,-3.123108635484797,V,V,False
V12L,-2.840527972053214,V,12,L,False,0.0,-2.840527972053214,V,V,False
V12M,-5.17051668820786,V,12,M,False,0.0,-5.17051668820786,V,V,False
V12N,-0.8406496881159016,V,12,N,False,0.0,-0.8406496881159016,V,V,False
V12P,0.6368698952791674,V,12,P,False,0.0,0.6368698952791674,V,V,False
V12Q,-5.577514369082275,V,12,Q,False,0.0,-5.577514369082275,V,V,False
V12R,-3.193762953346261,V,12,R,False,0.0,-3.193762953346261,V,V,False
V12S,-0.024650023979799873,V,12,S,False,0.0,-0.024650023979799873,V,V,False
V12T,-0.8211081132902944,V,12,T,False,0.0,-0.8211081132902944,V,V,False
V12W,-1.1083321571960725,V,12,W,False,0.0,-1.1083321571960725,V,V,False
V12Y,1.5063663008637587,V,12,Y,False,0.0,1.5063663008637587,V,V,False
V12*,-15.0,V,12,*,False,0.0,-15.0,V,V,False
R13A,-2.263547845717921,R,13,A,False,0.0,-2.263547845717921,R,R,False
R13C,-5.311039574192498,R,13,C,False,0.0,-5.311039574192498,R,R,False
R13D,1.7086090273240107,R,13,D,False,0.0,1.7086090273240107,R,R,False
R13E,-5.347731266860997,R,13,E,False,0.0,-5.347731266860997,R,R,False
R13F,-5.034375883600594,R,13,F,False,0.0,-5.034375883600594,R,R,False
R13G,-0.04821416656507782,R,13,G,False,0.0,-0.04821416656507782,R,R,False
R13H,-4.364392790263682,R,13,H,False,0.0,-4.364392790263682,R,R,False
R13I,-2.287224392247281,R,13,I,False,0.0,-2.287224392247281,R,R,False
R13K,-2.4467933171828244,R,13,K,False,0.0,-2.4467933171828244,R,R,False
R13L,-2.722224800296571,R,13,L,False,0.0,-2.722224800296571,R,R,False
R13M,0.016874862792879974,R,13,M,False,0.0,0.016874862792879974,R,R,False
R13N,-1.746793571486915,R,13,N,False,0.0,-1.746793571486915,R,R,False
R13P,-6.370430648595207,R,13,P,False,0.0,-6.370430648595207,R,R,False
R13Q,-1.2460791465414864,R,13,Q,False,0.0,-1.2460791465414864,R,R,False
R13S,-1.6974266939813085,R,13,S,False,0.0,-1.6974266939813085,R,R,False
R13T,-3.647988746505124,R,13,T,False,0.0,-3.647988746505124,R,R,False
R13V,-0.43113877735540385,R,13,V,False,0.0,-0.43113877735540385,R,R,False
R13W,4.341525988145756,R,13,W,False,0.0,4.341525988145756,R,R,False
R13Y,-3.4389642246212055,R,13,Y,False,0.0,-3.4389642246212055,R,R,False
R13*,-15.0,R,13,*,False,0.0,-15.0,R,R,False
S14A,1.6287669605888064,S,14,A,True,0.515018378039662,2.1437853386284687,S,M,False
S14C,1.2305971982915418,S,14,C,True,-1.3369356857829062,-0.10633848749136443,S,M,False
S14D,-3.321041880869687,S,14,D,True,0.5628611367075439,-2.7581807441621433,S,M,False
S14E,-7.622958955308325,S,14,E,True,1.39285482506846,-6.230104130239864,S,M,False
S14F,1.0134104572946974,S,14,F,True,-0.06332798345060607,0.9500824738440913,S,M,False
S14G,1.1809590439065194,S,14,G,True,0.12166836153455808,1.3026274054410776,S,M,False
S14H,-0.3750184495162037,S,14,H,True,1.2076025381991033,0.8325840886828997,S,M,False
S14I,0.13140334389475827,S,14,I,True,-0.0020402149102765046,0.12936312898448177,S,M,False
S14K,-1.330473596559067,S,14,K,True,1.627795744482153,0.29732214792308587,S,M,False
S14L,-7.94171574576289,S,14,L,True,0.35449278572224,-7.58722296004065,S,M,False
S14M,0.19271914488920672,S,14,M,True,1.0375276327263334,1.2302467776155401,S,M,True
S14N,-0.48484428834380955,S,14,N,True,-0.3856835127679468,-0.8705278011117563,S,M,False
S14P,-0.32197494662183157,S,14,P,True,0.5198180007843201,0.19784305416248849,S,M,False
S14Q,1.3043962775542006,S,14,Q,True,1.6865828874516027,2.990979165005803,S,M,False
S14R,-4.634315873325576,S,14,R,True,-1.325963145762744,-5.96027901908832,S,M,False
S14T,0.6477402288636351,S,14,T,True,1.4289837002109638,2.076723929074599,S,M,False
S14V,-5.4092014133514255,S,14,V,True,-2.0893542774693676,-7.498555690820793,S,M,False
S14W,0.6713336942084966,S,14,W,True,-0.12981993743229772,0.541513756776199,S,M,False
S14Y,-0.687259462482642,S,14,Y,True,0.6315229493643314,-0.05573651311831063,S,M,False
S14*,-15.0,S,14,*,True,0.0,-15.0,S,M,False
F15A,-5.529052737465868,F,15,A,False,0.0,-5.529052737465868,F,F,False
F15C,-6.624196281750462,F,15,C,False,0.0,-6.624196281750462,F,F,False
F15D,-6.6882231246443915,F,15,D,False,0.0,-6.6882231246443915,F,F,False
F15E,-1.4933348792244812,F,15,E,False,0.0,-1.4933348792244812,F,F,False
F15G,-1.0450560278115943,F,15,G,False,0.0,-1.0450560278115943,F,F,False
F15H,-2.1254163898723655,F,15,H,False,0.0,-2.1254163898723655,F,F,False
F15I,-3.1613288132303343,F,15,I,False,0.0,-3.1613288132303343,F,F,False
F15K,0.14097474752568373,F,15,K,False,0.0,0.14097474752568373,F,F,False
F15L,-8.325852643894025,F,15,L,False,0.0,-8.325852643894025,F,F,False
F15M,-4.137861208540011,F,15,M,False,0.0,-4.137861208540011,F,F,False
F15N,1.1069428056328328,F,15,N,False,0.0,1.1069428056328328,F,F,False
F15P,-2.2087041242511396,F,15,P,False,0.0,-2.2087041242511396,F,F,False
F15Q,0.007822480488632322,F,15,Q,False,0.0,0.007822480488632322,F,F,False
F15R,-0.9395237445921476,F,15,R,False,0.0,-0.9395237445921476,F,F,False
F15S,-7.2631180793825845,F,15,S,False,0.0,-7.2631180793825845,F,F,False
F15T,0.6573133526685575,F,15,T,False,0.0,0.6573133526685575,F,F,False
F15V,-6.403768200751869,F,15,V,False,0.0,-6.403768200751869,F,F,False
F15W,-1.3450165514887145,F,15,W,False,0.0,-1.3450165514887145,F,F,False
F15Y,-0.8807764335726949,F,15,Y,False,0.0,-0.8807764335726949,F,F,False
F15*,-15.0,F,15,*,False,0.0,-15.0,F,F,False
T16A,-1.6982750622941456,T,16,A,False,0.0,-1.6982750622941456,T,T,False
T16C,-0.5297035411439388,T,16,C,False,0.0,-0.5297035411439388,T,T,False
T16D,-11.450498511011906,T,16,D,False,0.0,-11.450498511011906,T,T,False
T16E,-2.5875922201588457,T,16,E,False,0.0,-2.5875922201588457,T,T,False
T16F,-8.451892426078418,T,16,F,False,0.0,-8.451892426078418,T,T,False
T16G,-3.4083906654571883,T,16,G,False,0.0,-3.4083906654571883,T,T,False
T16H,0.39949744591836545,T,16,H,False,0.0,0.39949744591836545,T,T,False
T16I,-2.3493488564637834,T,16,I,False,0.0,-2.3493488564637834,T,T,False
T16K,-0.7633691335278374,T,16,K,False,0.0,-0.7633691335278374,T,T,False
T16L,-1.6074927906352432,T,16,L,False,0.0,-1.6074927906352432,T,T,False
T16M,-7.607403012301017,T,16,M,False,0.0,-7.607403012301017,T,T,False
T16N,-5.73919731440929,T,16,N,False,0.0,-5.73919731440929,T,T,False
T16P,-3.794267355512819,T,16,P,False,0.0,-3.794267355512819,T,T,False
T16Q,0.23245608161245535,T,16,Q,False,0.0,0.23245608161245535,T,T,False
T16R,-0.465837775273982,T,16,R,False,0.0,-0.465837775273982,T,T,False
T16S,-4.571467281288564,T,16,S,False,0.0,-4.571467281288564,T,T,False
T16V,-2.2370601885495716,T,16,V,False,0.0,-2.2370601885495716,T,T,False
T16W,-5.3043194694334295,T,16,W,False,0.0,-5.3043194694334295,T,T,False
T16Y,-5.976244744252288,T,16,Y,False,0.0,-5.976244744252288,T,T,False
T16*,-15.0,T,16,*,False,0.0,-15.0,T,T,False
L17A,-10.550894471657738,L,17,A,False,0.0,-10.550894471657738,L,L,False
L17C,0.011166354022375868,L,17,C,False,0.0,0.011166354022375868,L,L,False
L17D,-1.8915485691690102,L,17,D,False,0.0,-1.8915485691690102,L,L,False
L17E,-5.857531208558514,L,17,E,False,0.0,-5.857531208558514,L,L,False
L17F,-0.3948783829332936,L,17,F,False,0.0,-0.3948783829332936,L,L,False
L17G,-3.8012306312865043,L,17,G,False,0.0,-3.8012306312865043,L,L,False
L17H,-2.9838022323498583,L,17,H,False,0.0,-2.9838022323498583,L,L,False
L17I,-2.9679088683660835,L,17,I,False,0.0,-2.9679088683660835,L,L,False
L17K,-6.000055610488249,L,17,K,False,0.0,-6.000055610488249,L,L,False
L17M,-0.848581246328945,L,17,M,False,0.0,-0.848581246328945,L,L,False
L17N,-6.592233713892261,L,17,N,False,0.0,-6.592233713892261,L,L,False
L17P,-4.013981634738176,L,17,P,False,0.0,-4.013981634738176,L,L,False
L17Q,-3.246606397921809,L,17,Q,False,0.0,-3.246606397921809,L,L,False
L17R,0.04534513701332976,L,17,R,False,0.0,0.04534513701332976,L,L,False
L17S,-0.3880269355865645,L,17,S,False,0.0,-0.3880269355865645,L,L,False
L17T,-1.7609703410270585,L,17,T,False,0.0,-1.7609703410270585,L,L,False
L17V,-1.8650109869592648,L,17,V,False,0.0,-1.8650109869592648,L,L,False
L17W,-6.4793231810577465,L,17,W,False,0.0,-6.4793231810577465,L,L,False
L17Y,-1.4196548916388547,L,17,Y,False,0.0,-1.4196548916388547,L,L,False
L17*,-15.0,L,17,*,False,0.0,-15.0,L,L,False
F18A,1.697008187254256,F,18,A,False,0.0,1.697008187254256,F,F,False
F18C,-0.02627883415049692,F,18,C,False,0.0,-0.02627883415049692,F,F,False
F18D,1.9763668433557982,F,18,D,False,0.0,1.9763668433557982,F,F,False
F18E,-0.06906371407970724,F,18,E,False,0.0,-0.06906371407970724,F,F,False
F18G,-4.564866754058918,F,18,G,False,0.0,-4.564866754058918,F,F,False
F18H,-0.39335594858288436,F,18,H,False,0.0,-0.39335594858288436,F,F,False
F18I,-4.995695304173138,F,18,I,False,0.0,-4.995695304173138,F,F,False
F18K,-0.8264234342667809,F,18,K,False,0.0,-0.8264234342667809,F,F,False
F18L,2.989185916117836,F,18,L,False,0.0,2.989185916117836,F,F,False
F18M,0.7829477007845913,F,18,M,False,0.0,0.7829477007845913,F,F,False
F18N,-9.205006097089955,F,18,N,False,0.0,-9.205006097089955,F,F,False
F18P,-0.8053295991803089,F,18,P,False,0.0,-0.8053295991803089,F,F,False
F18Q,0.03963740272645033,F,18,Q,False,0.0,0.03963740272645033,F,F,False
F18R,-2.1580312199274623,F,18,R,False,0.0,-2.1580312199274623,F,F,False
F18S,-3.8353742554133547,F,18,S,False,0.0,-3.8353742554133547,F,F,False
F18T,-4.496210478564841,F,18,T,False,0.0,-4.496210478564841,F,F,False
F18V,-0.027101558162241912,F,18,V,False,0.0,-0.027101558162241912,F,F,False
F18W,-1.4993854710973136,F,18,W,False,0.0,-1.4993854710973136,F,F,False
F18Y,-2.380813163456067,F,18,Y,False,0.0,-2.380813163456067,F,F,False
F18*,-15.0,F,18,*,False,0.0,-15.0,F,F,False
V19A,-1.9137887547811299,V,19,A,False,0.0,-1.9137887547811299,V,V,False
V19C,-8.010592582488481,V,19,C,False,0.0,-8.010592582488481,V,V,False
V19D,-1.083054973645167,V,19,D,False,0.0,-1.083054973645167,V,V,False
V19E,-7.575654056871071,V,19,E,False,0.0,-7.575654056871071,V,V,False
V19F,-4.012939041607245,V,19,F,False,0.0,-4.012939041607245,V,V,False
V19G,0.42927444836082174,V,19,G,False,0.0,0.42927444836082174,V,V,False
V19H,0.07837982175361102,V,19,H,False,0.0,0.07837982175361102,V,V,False
V19I,0.005450188380176635,V,19,I,False,0.0,0.005450188380176635,V,V,False
V19K,0.27748050375114097,V,19,K,False,0.0,0.27748050375114097,V,V,False
V19L,-4.3703733089777685,V,19,L,False,0.0,-4.3703733089777685,V,V,False
V19M,-1.0976959152908963,V,19,M,False,0.0,-1.0976959152908963,V,V,False
V19N,-0.13607538117534368,V,19,N,False,0.0,-0.13607538117534368,V,V,False
V19P,0.0382234198907625,V,19,P,False,0.0,0.0382234198907625,V,V,False
V19Q,-2.942387378863365,V,19,Q,False,0.0,-2.942387378863365,V,V,False
V19R,-1.6104004114286161,V,19,R,False,0.0,-1.6104004114286161,V,V,False
V19S,-1.2217770742530805,V,19,S,False,0.0,-1.2217770742530805,V,V,False
V19T,-0.5570390405912394,V,19,T,False,0.0,-0.5570390405912394,V,V,False
V19W,0.79846763272391,V,19,W,False,0.0,0.79846763272391,V,V,False
V19Y,0.8854329248718509,V,19,Y,False,0.0,0.8854329248718509,V,V,False
V19*,-15.0,V,19,*,False,0.0,-15.0,V,V,False
R20A,-7.7729618883695295,R,20,A,False,0.0,-7.7729618883695295,R,R,False
R20C,-0.971919272303717,R,20,C,False,0.0,-0.971919272303717,R,R,False
R20D,-0.12446162998184734,R,20,D,False,0.0,-0.12446162998184734,R,R,False
R20E,1.2676844273131074,R,20,E,False,0.0,1.2676844273131074,R,R,False
R20F,0.25717629062160385,R,20,F,False,0.0,0.25717629062160385,R,R,False
R20G,-6.311015344983254,R,20,G,False,0.0,-6.311015344983254,R,R,False
R20H,-3.869235943797518,R,20,H,False,0.0,-3.869235943797518,R,R,False
R20I,-3.163604052728047,R,20,I,False,0.0,-3.163604052728047,R,R,False
R20K,-1.7622869601863553,R,20,K,False,0.0,-1.7622869601863553,R,R,False
R20L,-1.6424410450125633,R,20,L,False,0.0,-1.6424410450125633,R,R,False
R20M,-3.6941352549246087,R,20,M,False,0.0,-3.6941352549246087,R,R,False
R20N,-0.3274531329492938,R,20,N,False,0.0,-0.3274531329492938,R,R,False
R20P,-1.2035059074438528,R,20,P,False,0.0,-1.2035059074438528,R,R,False
R20Q,-3.775690817471091,R,20,Q,False,0.0,-3.775690817471091,R,R,False
R20S,-7.02978822426387,R,20,S,False,0.0,-7.02978822426387,R,R,False
R20T,-2.1805678718389228,R,20,T,False,0.0,-2.1805678718389228,R,R,False
R20V,0.10001731312989914,R,20,V,False,0.0,0.10001731312989914,R,R,False
R20W,-6.553167267683168,R,20,W,False,0.0,-6.553167267683168,R,R,False
R20Y,0.16162338531449105,R,20,Y,False,0.0,0.16162338531449105,R,R,False
R20*,-15.0,R,20,*,False,0.0,-15.0,R,R,False
Q21A,-7.808029058999772,Q,21,A,False,0.0,-7.808029058999772,Q,Q,False
Q21C,1.7767741561205295,Q,21,C,False,0.0,1.7767741561205295,Q,Q,False
Q21D,-3.6546713001284297,Q,21,D,False,0.0,-3.6546713001284297,Q,Q,False
Q21E,-3.2321326751199955,Q,21,E,False,0.0,-3.2321326751199955,Q,Q,False
Q21F,1.1869372633352402,Q,21,F,False,0.0,1.1869372633352402,Q,Q,False
Q21G,0.5473672218713297,Q,21,G,False,0.0,0.5473672218713297,Q,Q,False
Q21H,-0.605161364733863,Q,21,H,False,0.0,-0.605161364733863,Q,Q,False
Q21I,-7.401729835536575,Q,21,I,False,0.0,-7.401729835536575,Q,Q,False
Q21K,-3.222671201673336,Q,21,K,False,0.0,-3.222671201673336,Q,Q,False
Q21L,-0.3199095205462812,Q,21,L,False,0.0,-0.3199095205462812,Q,Q,False
Q21M,-0.6863508379897634,Q,21,M,False,0.0,-0.6863508379897634,Q,Q,False
Q21N,0.6400711920461717,Q,21,N,False,0.0,0.6400711920461717,Q,Q,False
Q21P,-2.927906270976159,Q,21,P,False,0.0,-2.927906270976159,Q,Q,False
Q21R,-6.720739630073016,Q,21,R,False,0.0,-6.720739630073016,Q,Q,False
Q21S,1.0633217696689377,Q,21,S,False,0.0,1.0633217696689377,Q,Q,False
Q21T,-0.6584998416393611,Q,21,T,False,0.0,-0.6584998416393611,Q,Q,False
Q21V,-6.137871341676732,Q,21,V,False,0.0,-6.137871341676732,Q,Q,False
Q21W,2.1281144174376223,Q,21,W,False,0.0,2.1281144174376223,Q,Q,False
Q21Y,0.9975897676623875,Q,21,Y,False,0.0,0.9975897676623875,Q,Q,False
Q21*,-15.0,Q,21,*,False,0.0,-15.0,Q,Q,False
F22A,-5.644382818752295,F,22,A,False,0.0,-5.644382818752295,F,F,False
F22C,-0.16780006628263522,F,22,C,False,0.0,-0.16780006628263522,F,F,False
F22D,-5.582704292469878,F,22,D,False,0.0,-5.582704292469878,F,F,False
F22E,0.637781143848654,F,22,E,False,0.0,0.637781143848654,F,F,False
F22G,-1.2121149465778789,F,22,G,False,0.0,-1.2121149465778789,F,F,False
F22H,-1.8804249493191798,F,22,H,False,0.0,-1.8804249493191798,F,F,False
F22I,1.080109596005725,F,22,I,False,0.0,1.080109596005725,F,F,False
F22K,1.5640712722039143,F,22,K,False,0.0,1.5640712722039143,F,F,False
F22L,-0.9363437241701172,F,22,L,False,0.0,-0.9363437241701172,F,F,False
F22M,-1.1907772283460734,F,22,M,False,0.0,-1.1907772283460734,F,F,False
F22N,-0.9395730678626057,F,22,N,False,0.0,-0.9395730678626057,F,F,False
F22P,-4.341219469385393,F,22,P,False,0.0,-4.341219469385393,F,F,False
F22Q,-9.028271436240086,F,22,Q,False,0.0,-9.028271436240086,F,F,False
F22R,-5.34276999206764,F,22,R,False,0.0,-5.34276999206764,F,F,False
F22S,-3.389797288905102,F,22,S,False,0.0,-3.389797288905102,F,F,False
F22T,-2.805898333510558,F,22,T,False,0.0,-2.805898333510558,F,F,False
F22V,-0.05934832211363489,F,22,V,False,0.0,-0.05934832211363489,F,F,False
F22W,-0.4756167191152199,F,22,W,False,0.0,-0.4756167191152199,F,F,False
F22Y,-1.6552060599283598,F,22,Y,False,0.0,-1.6552060599283598,F,F,False
F22*,-15.0,F,22,*,False,0.0,-15.0,F,F,False
T23A,-6.781150224441619,T,23,A,False,0.0,-6.781150224441619,T,T,False
T23C,-6.721379816010254,T,23,C,False,0.0,-6.721379816010254,T,T,False
T23D,-8.090380068585262,T,23,D,False,0.0,-8.090380068585262,T,T,False
T23E,0.06777890751081428,T,23,E,False,0.0,0.06777890751081428,T,T,False
T23F,-7.160733927038349,T,23,F,False,0.0,-7.160733927038349,T,T,False
T23G,-8.83482047128379,T,23,G,False,0.0,-8.83482047128379,T,T,False
T23H,-1.5136521809493995,T,23,H,False,0.0,-1.5136521809493995,T,T,False
T23I,-3.8084725417458585,T,23,I,False,0.0,-3.8084725417458585,T,T,False
T23K,-5.877054592374529,T,23,K,False,0.0,-5.877054592374529,T,T,False
T23L,-3.278385813051762,T,23,L,False,0.0,-3.278385813051762,T,T,False
T23M,-2.7857568978060088,T,23,M,False,0.0,-2.7857568978060088,T,T,False
T23N,-3.9106218601636162,T,23,N,False,0.0,-3.9106218601636162,T,T,False
T23P,-0.24413543137856297,T,23,P,False,0.0,-0.24413543137856297,T,T,False
T23Q,-4.314989098282127,T,23,Q,False,0.0,-4.314989098282127,T,T,False
T23R,-1.959920801218093,T,23,R,False,0.0,-1.959920801218093,T,T,False
T23S,-6.534446864543033,T,23,S,False,0.0,-6.534446864543033,T,T,False
T23V,0.7582247276716221,T,23,V,False,0.0,0.7582247276716221,T,T,False
T23W,-0.8336327782736277,T,23,W,False,0.0,-0.8336327782736277,T,T,False
T23Y,-1.0977882623624198,T,23,Y,False,0.0,-1.0977882623624198,T,T,False
T23*,-15.0,T,23,*,False,0.0,-15.0,T,T,False
V24A,-5.482510715019375,V,24,A,False,0.0,-5.482510715019375,V,V,False
V24C,0.5509750497875479,V,24,C,False,0.0,0.5509750497875479,V,V,False
V24D,-1.7828970062850371,V,24,D,False,0.0,-1.7828970062850371,V,V,False
V24E,2.0548525830735747,V,24,E,False,0.0,2.0548525830735747,V,V,False
V24F,-5.346999692312526,V,24,F,False,0.0,-5.346999692312526,V,V,False
V24G,-1.5828888541215864,V,24,G,False,0.0,-1.5828888541215864,V,V,False
V24H,-6.072280947315532,V,24,H,False,0.0,-6.072280947315532,V,V,False
V24I,1.7664268106239756,V,24,I,False,0.0,1.7664268106239756,V,V,False
V24K,-1.3694058008767054,V,24,K,False,0.0,-1.3694058008767054,V,V,False
V24L,-1.4340958140894073,V,24,L,False,0.0,-1.4340958140894073,V,V,False
V24M,-5.797567059950385,V,24,M,False,0.0,-5.797567059950385,V,V,False
V24N,-2.0307812716232077,V,24,N,False,0.0,-2.0307812716232077,V,V,False
V24P,-2.4247105190889298,V,24,P,False,0.0,-2.4247105190889298,V,V,False
V24Q,-4.976186550389876,V,24,Q,False,0.0,-4.976186550389876,V,V,False
V24R,-7.05648384446321,V,24,R,False,0.0,-7.05648384446321,V,V,False
V24S,-1.636444141174567,V,24,S,False,0.0,-1.636444141174567,V,V,False
V24T,-3.8681664059539713,V,24,T,False,0.0,-3.8681664059539713,V,V,False
V24W,0.9474107227406374,V,24,W,False,0.0,0.9474107227406374,V,V,False
V24Y,-0.756306476293048,V,24,Y,False,0.0,-0.756306476293048,V,V,False
V24*,-15.0,V,24,*,False,0.0,-15.0,V,V,False
S25A,-0.3950568045075944,S,25,A,False,0.0,-0.3950568045075944,S,S,False
S25C,-0.5533489500264073,S,25,C,False,0.0,-0.5533489500264073,S,S,False
S25D,-1.8205158005202748,S,25,D,False,0.0,-1.8205158005202748,S,S,False
S25E,-1.725529422562532,S,25,E,False,0.0,-1.725529422562532,S,S,False
S25F,-0.5595347943488098,S,25,F,False,0.0,-0.5595347943488098,S,S,False
S25G,-5.510377223969606,S,25,G,False,0.0,-5.510377223969606,S,S,False
S25H,-0.4480752351117294,S,25,H,False,0.0,-0.4480752351117294,S,S,False
S25I,-0.1301355816080233,S,25,I,False,0.0,-0.1301355816080233,S,S,False
S25K,-3.5578644765899505,S,25,K,False,0.0,-3.5578644765899505,S,S,False
S25L,-1.2114671487760473,S,25,L,False,0.0,-1.2114671487760473,S,S,False
S25M,0.40185615886620885,S,25,M,False,0.0,0.40185615886620885,S,S,False
S25N,-0.9249606598829433,S,25,N,False,0.0,-0.9249606598829433,S,S,False
S25P,-2.3708696297935683,S,25,P,False,0.0,-2.3708696297935683,S,S,False
S25Q,-6.743398474196601,S,25,Q,False,0.0,-6.743398474196601,S,S,False
S25R,-2.01374282786643,S,25,R,False,0.0,-2.01374282786643,S,S,False
S25T,-1.640711815715678,S,25,T,False,0.0,-1.640711815715678,S,S,False
S25V,-0.9274907958248572,S,25,V,False,0.0,-0.9274907958248572,S,S,False
S25W,-8.5795049397842,S,25,W,False,0.0,-8.5795049397842,S,S,False
S25Y,-1.938777194077286,S,25,Y,False,0.0,-1.938777194077286,S,S,False
S25*,-15.0,S,25,*,False,0.0,-15.0,S,S,False
S26A,-0.6289905536645062,S,26,A,False,0.0,-0.6289905536645062,S,S,False
S26C,-9.62222762535377,S,26,C,False,0.0,-9.62222762535377,S,S,False
S26D,-2.0032316177554454,S,26,D,False,0.0,-2.0032316177554454,S,S,False
S26E,0.8962242125535016,S,26,E,False,0.0,0.8962242125535016,S,S,False
S26F,-4.767375049544742,S,26,F,False,0.0,-4.767375049544742,S,S,False
S26G,-1.2686765369494362,S,26,G,False,0.0,-1.2686765369494362,S,S,False
S26H,-4.687086171115452,S,26,H,False,0.0,-4.687086171115452,S,S,False
S26I,-8.222395739795072,S,26,I,False,0.0,-8.222395739795072,S,S,False
S26K,-2.0695326629891855,S,26,K,False,0.0,-2.0695326629891855,S,S,False
S26L,0.561482357700009,S,26,L,False,0.0,0.561482357700009,S,S,False
S26M,0.6733631920411425,S,26,M,False,0.0,0.6733631920411425,S,S,False
S26N,-1.7443943560450892,S,26,N,False,0.0,-1.7443943560450892,S,S,False
S26P,-6.663746994234767,S,26,P,False,0.0,-6.663746994234767,S,S,False
S26Q,-1.0230391928986962,S,26,Q,False,0.0,-1.0230391928986962,S,S,False
S26R,0.029102022625624002,S,26,R,False,0.0,0.029102022625624002,S,S,False
S26T,-0.7881285283537677,S,26,T,False,0.0,-0.7881285283537677,S,S,False
S26V,-0.5225531754013022,S,26,V,False,0.0,-0.5225531754013022,S,S,False
S26W,-9.252407128209247,S,26,W,False,0.0,-9.252407128209247,S,S,False
S26Y,-7.316325329514909,S,26,Y,False,0.0,-7.316325329514909,S,S,False
S26*,-15.0,S,26,*,False,0.0,-15.0,S,S,False
H27A,1.9469080592936514,H,27,A,False,0.0,1.9469080592936514,H,H,False
H27C,-2.7922714080245314,H,27,C,False,0.0,-2.7922714080245314,H,H,False
H27D,-3.5239638730077534,H,27,D,False,0.0,-3.5239638730077534,H,H,False
H27E,-4.036423280404398,H,27,E,False,0.0,-4.036423280404398,H,H,False
H27F,-7.221061209589857,H,27,F,False,0.0,-7.221061209589857,H,H,False
H27G,0.9143652290472419,H,27,G,False,0.0,0.9143652290472419,H,H,False
H27I,-4.846024619169121,H,27,I,False,0.0,-4.846024619169121,H,H,False
H27K,-5.038518480506817,H,27,K,False,0.0,-5.038518480506817,H,H,False
H27L,0.43041027336315374,H,27,L,False,0.0,0.43041027336315374,H,H,False
H27M,2.09847385757534,H,27,M,False,0.0,2.09847385757534,H,H,False
H27N,-6.620238347044149,H,27,N,False,0.0,-6.620238347044149,H,H,False
H27P,-1.1777172731474241,H,27,P,False,0.0,-1.1777172731474241,H,H,False
H27Q,-4.681553715127286,H,27,Q,False,0.0,-4.681553715127286,H,H,False
H27R,-5.78389034338771,H,27,R,False,0.0,-5.78389034338771,H,H,False
H27S,-4.476666149971673,H,27,S,False,0.0,-4.476666149971673,H,H,False
H27T,-2.827395614325462,H,27,T,False,0.0,-2.827395614325462,H,H,False
H27V,1.1118252233324268,H,27,V,False,0.0,1.1118252233324268,H,H,False
H27W,-1.7779591453782155,H,27,W,False,0.0,-1.7779591453782155,H,H,False
H27Y,-6.025753972124933,H,27,Y,False,0.0,-6.025753972124933,H,H,False
H27*,-15.0,H,27,*,False,0.0,-15.0,H,H,False
Q28A,0.6569750448920455,Q,28,A,False,0.0,0.6569750448920455,Q,Q,False
Q28C,-4.6999085860170045,Q,28,C,False,0.0,-4.6999085860170045,Q,Q,False
Q28D,-1.43353223112389,Q,28,D,False,0.0,-1.43353223112389,Q,Q,False
Q28E,-7.908489763336359,Q,28,E,False,0.0,-7.908489763336359,Q,Q,False
Q28F,-0.5607973721291368,Q,28,F,False,0.0,-0.5607973721291368,Q,Q,False
Q28G,-2.7870547211631527,Q,28,G,False,0.0,-2.7870547211631527,Q,Q,False
Q28H,-0.891751459709861,Q,28,H,False,0.0,-0.891751459709861,Q,Q,False
Q28I,-0.27728212918443473,Q,28,I,False,0.0,-0.27728212918443473,Q,Q,False
Q28K,-0.39589036865864885,Q,28,K,False,0.0,-0.39589036865864885,Q,Q,False
Q28L,-0.688782936273105,Q,28,L,False,0.0,-0.688782936273105,Q,Q,False
Q28M,-1.0700518230736424,Q,28,M,False,0.0,-1.0700518230736424,Q,Q,False
Q28N,-1.2140222426291478,Q,28,N,False,0.0,-1.2140222426291478,Q,Q,False
Q28P,-0.8291211552748501,Q,28,P,False,0.0,-0.8291211552748501,Q,Q,False
Q28R,-2.957252524195746,Q,28,R,False,0.0,-2.957252524195746,Q,Q,False
Q28S,-2.919626268022858,Q,28,S,False,0.0,-2.919626268022858,Q,Q,False
Q28T,-6.639708775213534,Q,28,T,False,0.0,-6.639708775213534,Q,Q,False
Q28V,-3.205694916247551,Q,28,V,False,0.0,-3.205694916247551,Q,Q,False
Q28W,-1.2594893049801898,Q,28,W,False,0.0,-1.2594893049801898,Q,Q,False
Q28Y,-1.7934607205450512,Q,28,Y,False,0.0,-1.7934607205450512,Q,Q,False
Q28*,-15.0,Q,28,*,False,0.0,-15.0,Q,Q,False
D29A,-0.5844949353602686,D,29,A,False,0.0,-0.5844949353602686,D,D,False
D29C,-3.6305907233838908,D,29,C,False,0.0,-3.6305907233838908,D,D,False
D29E,-2.1671114976985137,D,29,E,False,0.0,-2.1671114976985137,D,D,False
D29F,-7.317141226243298,D,29,F,False,0.0,-7.317141226243298,D,D,False
D29G,-7.929019347992916,D,29,G,False,0.0,-7.929019347992916,D,D,False
D29H,1.7528084655196832,D,29,H,False,0.0,1.7528084655196832,D,D,False
D29I,-0.6946513968904381,D,29,I,False,0.0,-0.6946513968904381,D,D,False
D29K,-2.7078582261752735,D,29,K,False,0.0,-2.7078582261752735,D,D,False
D29L,1.1028641278297675,D,29,L,False,0.0,1.1028641278297675,D,D,False
D29M,-9.838120501512044,D,29,M,False,0.0,-9.838120501512044,D,D,False
D29N,-9.55164635538555,D,29,N,False,0.0,-9.55164635538555,D,D,False
D29P,-8.023444736739362,D,29,P,False,0.0,-8.023444736739362,D,D,False
D29Q,1.543062163130395,D,29,Q,False,0.0,1.543062163130395,D,D,False
D29R,-8.710251092464613,D,29,R,False,0.0,-8.710251092464613,D,D,False
D29S,-2.302455603623951,D,29,S,False,0.0,-2.302455603623951,D,D,False
D29T,-1.8685721618991753,D,29,T,False,0.0,-1.8685721618991753,D,D,False
D29V,-2.5590422634661545,D,29,V,False,0.0,-2.5590422634661545,D,D,False
D29W,-0.27167919937662033,D,29,W,False,0.0,-0.27167919937662033,D,D,False
D29Y,-1.282783246765556,D,29,Y,False,0.0,-1.282783246765556,D,D,False
D29*,-15.0,D,29,*,False,0.0,-15.0,D,D,False
P30A,-1.499162163648665,P,30,A,True,-0.5865380642949874,-2.0857002279436525,P,P,False
P30C,-0.6816302553259025,P,30,C,True,0.2907200809776823,-0.3909101743482202,P,P,False
P30D,-0.4866216889789158,P,30,D,True,1.26410336557194,0.7774816765930243,P,P,False
P30E,-3.470854811564191,P,30,E,True,0.2900347818773773,-3.1808200296868137,P,P,False
P30F,-4.894148118308729,P,30,F,True,-1.9702884973366135,-6.864436615645343,P,P,False
P30G,-1.3497661327306583,P,30,G,True,0.8039058889400287,-0.5458602437906296,P,P,False
P30H,-2.3456051942047695,P,30,H,True,1.0305503339533908,-1.3150548602513787,P,P,False
P30I,-0.500453888337154,P,30,I,True,0.1180979357631569,-0.38235595257399707,P,P,False
P30K,-3.3198590318089476,P,30,K,True,-0.021853327333316703,-3.341712359142264,P,P,False
P30L,-3.4793512107951057,P,30,L,True,0.04684071386280813,-3.4325104969322977,P,P,False
P30M,-0.13615980925550453,P,30,M,True,-1.6287528591260565,-1.764912668381561,P,P,False
P30N,-2.4614135877013466,P,30,N,True,-0.39236059048325256,-2.853774178184599,P,P,False
P30Q,-7.731982904569879,P,30,Q,True,1.700972705419218,-6.031010199150661,P,P,False
P30R,-5.0026322476947795,P,30,R,True,1.0613297552347802,-3.9413024924599993,P,P,False
P30S,-5.292952224110159,P,30,S,True,0.6958035738954939,-4.597148650214666,P,P,False
P30T,-0.4173016982837237,P,30,T,True,-0.43598857024414683,-0.8532902685278705,P,P,False
P30V,-2.008028275243421,P,30,V,True,-0.3329416203016361,-2.340969895545057,P,P,False
P30W,-4.120405370824091,P,30,W,True,0.6021345633584532,-3.518270807465638,P,P,False
P30Y,0.08073698331339418,P,30,Y,True,0.10878895891483167,0.18952594222822586,P,P,False
P30*,-15.0,P,30,*,True,0.0,-15.0,P,P,False
C31A,-0.3643139338317855,C,31,A,False,0.0,-0.3643139338317855,C,C,False
C31D,-3.257751020067663,C,31,D,False,0.0,-3.257751020067663,C,C,False
C31E,-9.434610109571183,C,31,E,False,0.0,-9.434610109571183,C,C,False
C31F,-1.86316122512635,C,31,F,False,0.0,-1.86316122512635,C,C,False
C31G,-6.64636072540083,C,31,G,False,0.0,-6.64636072540083,C,C,False
C31H,-0.15268178216603395,C,31,H,False,0.0,-0.15268178216603395,C,C,False
C31I,0.2538059040643976,C,31,I,False,0.0,0.2538059040643976,C,C,False
C31K,-3.2461911357710598,C,31,K,False,0.0,-3.2461911357710598,C,C,False
C31L,-1.4113182256499228,C,31,L,False,0.0,-1.4113182256499228,C,C,False
C31M,-0.49228551786212504,C,31,M,False,0.0,-0.49228551786212504,C,C,False
C31N,-6.443476824105854,C,31,N,False,0.0,-6.443476824105854,C,C,False
C31P,1.8323035790317164,C,31,P,False,0.0,1.8323035790317164,C,C,False
C31Q,1.5242065961583142,C,31,Q,False,0.0,1.5242065961583142,C,C,False
C31R,-5.375954249887506,C,31,R,False,0.0,-5.375954249887506,C,C,False
C31S,-1.0685373725521847,C,31,S,False,0.0,-1.0685373725521847,C,C,False
C31T,-0.6016736979893975,C,31,T,False,0.0,-0.6016736979893975,C,C,False
C31V,0.16391182827950024,C,31,V,False,0.0,0.16391182827950024,C,C,False
C31W,-2.6662272910537848,C,31,W,False,0.0,-2.6662272910537848,C,C,False
C31Y,-4.481846677733278,C,31,Y,False,0.0,-4.481846677733278,C,C,False
C31*,-15.0,C,31,*,False,0.0,-15.0,C,C,False
C32A,-3.7961153901380587,C,32,A,True,0.036766928625713895,-3.759348461512345,C,D,False
C32D,0.9588331662225782,C,32,D,True,-0.5389634065956826,0.41986975962689554,C,D,True
C32E,-5.072172771055881,C,32,E,True,0.4991778873262745,-4.572994883729606,C,D,False
C32F,-14.310059408982392,C,32,F,True,-0.7119517569571985,-15.02201116593959,C,D,False
C32G,-5.145328653770739,C,32,G,True,-0.23700096927712042,-5.382329623047859,C,D,False
C32H,-4.154278810354201,C,32,H,True,0.857119235257308,-3.2971595750968934,C,D,False
C32I,-1.6739542595232395,C,32,I,True,-1.8823518964968178,-3.5563061560200575,C,D,False
C32K,-1.2477143287343155,C,32,K,True,0.42070508619052166,-0.8270092425437938,C,D,False
C32L,-2.2861188132535326,C,32,L,True,-1.0691753368276866,-3.3552941500812192,C,D,False
C32M,0.2912097430708265,C,32,M,True,-2.576858800271579,-2.2856490572007524,C,D,False
C32N,-5.219109302639527,C,32,N,True,-1.2249234418178248,-6.444032744457352,C,D,False
C32P,-7.6513677245210125,C,32,P,True,-1.1567518598600655,-8.808119584381078,C,D,False
C32Q,-4.202761415259626,C,32,Q,True,0.9313042708762042,-3.2714571443834224,C,D,False
C32R,1.4636034250154017,C,32,R,True,0.9842571478712101,2.447860572886612,C,D,False
C32S,2.0852495175296055,C,32,S,True,2.2261593700434013,4.311408887573007,C,D,False
C32T,-3.7769386635769733,C,32,T,True,-0.41850391497513095,-4.195442578552104,C,D,False
C32V,-1.5284572650751667,C,32,V,True,-0.33377767276877235,-1.862234937843939,C,D,False
C32W,-1.957875725570093,C,32,W,True,-0.14742686894281498,-2.105302594512908,C,D,False
C32Y,-5.7700572395500505,C,32,Y,True,1.5613076713626561,-4.208749568187394,C,D,False
C32*,-15.0,C,32,*,True,0.0,-15.0,C,D,False
H33A,-1.7368264714910153,H,33,A,False,0.0,-1.7368264714910153,H,H,False
H33C,-3.9995871073875193,H,33,C,False,0.0,-3.9995871073875193,H,H,False
H33D,-3.747556199898811,H,33,D,False,0.0,-3.747556199898811,H,H,False
H33E,-0.857357778569325,H,33,E,False,0.0,-0.857357778569325,H,H,False
H33F,-4.453071351665525,H,33,F,False,0.0,-4.453071351665525,H,H,False
H33G,-1.7915965408941745,H,33,G,False,0.0,-1.7915965408941745,H,H,False
H33I,-7.497921779696167,H,33,I,False,0.0,-7.497921779696167,H,H,False
H33K,-4.733805383682621,H,33,K,False,0.0,-4.733805383682621,H,H,False
H33L,-6.812992430497696,H,33,L,False,0.0,-6.812992430497696,H,H,False
H33M,-0.565153680294864,H,33,M,False,0.0,-0.565153680294864,H,H,False
H33N,-8.019755012187481,H,33,N,False,0.0,-8.019755012187481,H,H,False
H33P,-6.432222787161608,H,33,P,False,0.0,-6.432222787161608,H,H,False
H33Q,-0.6539540082504821,H,33,Q,False,0.0,-0.6539540082504821,H,H,False
H33R,-0.549932310400513,H,33,R,False,0.0,-0.549932310400513,H,H,False
H33S,-0.25335108202018386,H,33,S,False,0.0,-0.25335108202018386,H,H,False
H33T,-7.865522006870023,H,33,T,False,0.0,-7.865522006870023,H,H,False
H33V,-2.049510532618969,H,33,V,False,0.0,-2.049510532618969,H,H,False
H33W,-0.2477976866185831,H,33,W,False,0.0,-0.2477976866185831,H,H,False
H33Y,-7.6205518507053185,H,33,Y,False,0.0,-7.6205518507053185,H,H,False
H33*,-15.0,H,33,*,False,0.0,-15.0,H,H,False
C34A,0.35460211299117006,C,34,A,True,0.6847099963471631,1.0393121093383333,C,C,False
C34D,-7.481024734043404,C,34,D,True,0.029462365129886883,-7.4515623689135175,C,C,False
C34E,-3.5710785472107984,C,34,E,True,-0.8524749203932612,-4.4235534676040595,C,C,False
C34F,0.48896244912974685,C,34,F,True,1.9814171662343933,2.4703796153641404,C,C,False
C34G,-0.09110535338543935,C,34,G,True,-1.6301986313778172,-1.7213039847632565,C,C,False
C34H,-0.5062451421501513,C,34,H,True,-0.23503432416242362,-0.7412794663125749,C,C,False
C34I,1.140143349927397,C,34,I,True,-0.16407126086052926,0.9760720890668677,C,C,False
C34K,-3.8188087430693924,C,34,K,True,0.6584796131542119,-3.160329129915181,C,C,False
C34L,-2.3747482748348823,C,34,L,True,-1.3078921186266441,-3.6826403934615266,C,C,False
C34M,-1.0353629084718228,C,34,M,True,1.3537850387484707,0.3184221302766479,C,C,False
C34N,-7.672088866215394,C,34,N,True,-0.12852265103175678,-7.800611517247151,C,C,False
C34P,-2.9148071500973183,C,34,P,True,-0.9732791888993763,-3.8880863389966946,C,C,False
C34Q,-1.1540778193507082,C,34,Q,True,-0.6944487837507205,-1.8485266031014287,C,C,False
C34R,-5.449366322814111,C,34,R,True,-0.04884146735290911,-5.49820779016702,C,C,False
C34S,0.629252047719427,C,34,S,True,-0.5796082606800935,0.049643787039333476,C,C,False
C34T,-7.236055437091115,C,34,T,True,0.8711061136342935,-6.3649493234568215,C,C,False
C34V,-0.3117145250082284,C,34,V,True,-0.9703202596484369,-1.2820347846566653,C,C,False
C34W,0.43347992295374027,C,34,W,True,0.42335944188313107,0.8568393648368713,C,C,False
C34Y,-0.8731812124388354,C,34,Y,True,1.974244501922195,1.1010632894833596,C,C,False
C34*,-15.0,C,34,*,True,0.0,-15.0,C,C,False
T35A,-4.554072021562748,T,35,A,False,0.0,-4.554072021562748,T,I,False
T35C,-2.3510534853792686,T,35,C,False,0.0,-2.3510534853792686,T,I,False
T35D,0.5050556213003328,T,35,D,False,0.0,0.5050556213003328,T,I,False
T35E,-0.9164708856622408,T,35,E,False,0.0,-0.9164708856622408,T,I,False
T35F,1.4089564776496488,T,35,F,False,0.0,1.4089564776496488,T,I,False
T35G,-1.6699755823164453,T,35,G,False,0.0,-1.6699755823164453,T,I,False
T35H,-0.8783494854103735,T,35,H,False,0.0,-0.8783494854103735,T,I,False
T35I,0.09753453302558568,T,35,I,False,0.0,0.09753453302558568,T,I,True
T35K,-2.181828742152578,T,35,K,False,0.0,-2.181828742152578,T,I,False
T35L,-3.2933376489570643,T,35,L,False,0.0,-3.2933376489570643,T,I,False
T35M,-2.012436062560218,T,35,M,False,0.0,-2.012436062560218,T,I,False
T35N,-3.040220584264666,T,35,N,False,0.0,-3.040220584264666,T,I,False
T35P,-8.509352891627845,T,35,P,False,0.0,-8.509352891627845,T,I,False
T35Q,-1.5818773237972124,T,35,Q,False,0.0,-1.5818773237972124,T,I,False
T35R,-11.312827141854049,T,35,R,False,0.0,-11.312827141854049,T,I,False
T35S,-7.444293904027414,T,35,S,False,0.0,-7.444293904027414,T,I,False
T35V,-1.7272647923216795,T,35,V,False,0.0,-1.7272647923216795,T,I,False
T35W,-3.8803179794206355,T,35,W,False,0.0,-3.8803179794206355,T,I,False
T35Y,-4.808752388299269,T,35,Y,False,0.0,-4.808752388299269,T,I,False
T35*,-15.0,T,35,*,False,0.0,-15.0,T,I,False
T36A,-5.327372391129006,T,36,A,False,0.0,-5.327372391129006,T,T,False
T36C,-1.9168753215991678,T,36,C,False,0.0,-1.9168753215991678,T,T,False
T36D,-1.9365283509619076,T,36,D,False,0.0,-1.9365283509619076,T,T,False
T36E,-8.292576397263353,T,36,E,False,0.0,-8.292576397263353,T,T,False
T36F,-1.7679359642226176,T,36,F,False,0.0,-1.7679359642226176,T,T,False
T36G,-0.5465929097208726,T,36,G,False,0.0,-0.5465929097208726,T,T,False
T36H,-1.2136964740986933,T,36,H,False,0.0,-1.2136964740986933,T,T,False
T36I,-3.228930310994192,T,36,I,False,0.0,-3.228930310994192,T,T,False
T36K,-0.41391416304508294,T,36,K,False,0.0,-0.41391416304508294,T,T,False
T36L,-7.192199612912507,T,36,L,False,0.0,-7.192199612912507,T,T,False
T36M,-2.101322538331088,T,36,M,False,0.0,-2.101322538331088,T,T,False
T36N,4.0973788066079795,T,36,N,False,0.0,4.0973788066079795,T,T,False
T36P,-5.106629085023934,T,36,P,False,0.0,-5.106629085023934,T,T,False
T36Q,-4.192161084116371,T,36,Q,False,0.0,-4.192161084116371,T,T,False
T36R,-1.9505343552208565,T,36,R,False,0.0,-1.9505343552208565,T,T,False
T36S,1.2878456750135943,T,36,S,False,0.0,1.2878456750135943,T,T,False
T36V,-7.944131727023878,T,36,V,False,0.0,-7.944131727023878,T,T,False
T36W,-0.6544745127631584,T,36,W,False,0.0,-0.6544745127631584,T,T,False
T36Y,-10.255462676519606,T,36,Y,False,0.0,-10.255462676519606,T,T,False
T36*,-15.0,T,36,*,False,0.0,-15.0,T,T,False
G37A,-3.6621684660153275,G,37,A,True,0.30642037793450144,-3.355748088080826,G,S,False
G37C,-1.1293608341528687,G,37,C,True,0.9992619316735599,-0.13009890247930878,G,S,False
G37D,-4.419895903344664,G,37,D,True,0.8723360984390668,-3.5475598049055974,G,S,False
G37E,-1.6754757584533744,G,37,E,True,-1.867980295007724,-3.5434560534610986,G,S,False
G37F,-0.8299426215513876,G,37,F,True,1.2307440896499506,0.400801468098563,G,S,False
G37H,-3.1456217793899,G,37,H,True,-0.12851477512754178,-3.2741365545174417,G,S,False
G37I,-1.2315107075074891,G,37,I,True,0.8417064468680868,-0.3898042606394023,G,S,False
G37K,-2.741043608660048,G,37,K,True,1.1045340557176437,-1.6365095529424043,G,S,False
G37L,0.05964509732600409,G,37,L,True,0.4671852029951642,0.5268303003211683,G,S,False
G37M,-4.11680433674538,G,37,M,True,0.20517992270603683,-3.9116244140393435,G,S,False
G37N,-3.590952327388432,G,37,N,True,-1.2827426223310838,-4.873694949719516,G,S,False
G37P,-7.900943502575181,G,37,P,True,0.8119091064621441,-7.089034396113037,G,S,False
G37Q,1.3820102853712801,G,37,Q,True,0.0935025894555411,1.4755128748268211,G,S,False
G37R,-3.766744100442408,G,37,R,True,0.4756209533798616,-3.2911231470625464,G,S,False
G37S,-0.6958027146350991,G,37,S,True,0.990621190498841,0.2948184758637419,G,S,True
G37T,-4.4025054117056035,G,37,T,True,-1.1187604185045605,-5.521265830210164,G,S,False
G37V,-6.813545954178318,G,37,V,True,0.9928570096106226,-5.820688944567696,G,S,False
G37W,-4.473379033998495,G,37,W,True,1.3892925611268192,-3.084086472871676,G,S,False
G37Y,-2.3606618612374834,G,37,Y,True,-0.38209215983318606,-2.7427540210706693,G,S,False
G37*,-15.0,G,37,*,True,0.0,-15.0,G,S,False
Y38A,-0.4566925591433044,Y,38,A,True,-1.7559083026457902,-2.2126008617890944,Y,D,False
Y38C,-0.8557582034328566,Y,38,C,True,2.106744765264269,1.2509865618314122,Y,D,False
Y38D,-0.2655829436044266,Y,38,D,True,0.6694890330042581,0.4039060893998315,Y,D,True
Y38E,-3.3441050762579527,Y,38,E,True,0.4913520200000967,-2.852753056257856,Y,D,False
Y38F,-1.9766197429162649,Y,38,F,True,0.007674397333291119,-1.9689453455829737,Y,D,False
Y38G,-6.263215951945839,Y,38,G,True,-0.6180050874234521,-6.881221039369291,Y,D,False
Y38H,-3.1061955791288574,Y,38,H,True,-0.6552124532387871,-3.7614080323676444,Y,D,False
Y38I,-5.7950070376508585,Y,38,I,True,0.13278950399418069,-5.662217533656678,Y,D,False
Y38K,-1.5906030785933494,Y,38,K,True,0.06896136681109992,-1.5216417117822494,Y,D,False
Y38L,-5.740726092694359,Y,38,L,True,-0.35384132845206656,-6.094567421146426,Y,D,False
Y38M,2.4515164829947067,Y,38,M,True,-0.8998350567341302,1.5516814262605765,Y,D,False
Y38N,-2.592881663025045,Y,38,N,True,0.1500783934955144,-2.4428032695295303,Y,D,False
Y38P,-4.24511939644795,Y,38,P,True,-1.155115764212947,-5.4002351606608965,Y,D,False
Y38Q,-1.3430024588624638,Y,38,Q,True,-1.6380878644604693,-2.981090323322933,Y,D,False
Y38R,-1.7659899824081196,Y,38,R,True,-1.4383492474637463,-3.2043392298718656,Y,D,False
Y38S,-0.9199919626487667,Y,38,S,True,-1.6662407855145267,-2.5862327481632934,Y,D,False
Y38T,-1.9456811442154336,Y,38,T,True,0.570318296654443,-1.3753628475609907,Y,D,False
Y38V,-3.265392640881458,Y,38,V,True,-0.7911253080511192,-4.056517948932577,Y,D,False
Y38W,1.3707827463513569,Y,38,W,True,0.734733256551642,2.105516002902999,Y,D,False
Y38*,-15.0,Y,38,*,True,0.0,-15.0,Y,D,False
Y39A,-3.2356279394622987,Y,39,A,True,0.34484426504196053,-2.890783674420338,Y,Y,False
Y39C,-6.679811480665034,Y,39,C,True,1.703770908886838,-4.976040571778196,Y,Y,False
Y39D,2.0614906258533323,Y,39,D,True,0.6932106022724688,2.754701228125801,Y,Y,False
Y39E,-0.5575415658337597,Y,39,E,True,0.7407515304460516,0.1832099646122919,Y,Y,False
Y39F,-5.152550884180649,Y,39,F,True,-0.5887673774939233,-5.741318261674572,Y,Y,False
Y39G,-6.926162729627185,Y,39,G,True,-1.8177430219113697,-8.743905751538556,Y,Y,False
Y39H,-4.9081070291739675,Y,39,H,True,0.6027090088763906,-4.305398020297577,Y,Y,False
Y39I,1.265856391071022,Y,39,I,True,1.1335528606303191,2.399409251701341,Y,Y,False
Y39K,-2.174977684585493,Y,39,K,True,-0.44158232455717217,-2.616560009142665,Y,Y,False
Y39L,-1.24734319322687,Y,39,L,True,-0.5525994277174404,-1.7999426209443103,Y,Y,False
Y39M,-6.945839918090906,Y,39,M,True,-0.42676814653861583,-7.372608064629522,Y,Y,False
Y39N,-3.2219473901969913,Y,39,N,True,-0.7358527148280068,-3.9578001050249982,Y,Y,False
Y39P,-1.809464530773849,Y,39,P,True,1.1453024409699784,-0.6641620898038707,Y,Y,False
Y39Q,-7.353560865516378,Y,39,Q,True,-0.1744624923654126,-7.528023357881791,Y,Y,False
Y39R,-1.9612270254352606,Y,39,R,True,0.7342681216342999,-1.2269589038009607,Y,Y,False
Y39S,-1.2705311486763455,Y,39,S,True,0.30956463753476293,-0.9609665111415826,Y,Y,False
Y39T,-0.5544030176891184,Y,39,T,True,-0.9054512793435846,-1.4598542970327029,Y,Y,False
Y39V,-0.32532167344130736,Y,39,V,True,1.8813926313024596,1.5560709578611522,Y,Y,False
Y39W,-6.495655409571834,Y,39,W,True,-0.22638932942185608,-6.722044738993691,Y,Y,False
Y39*,-15.0,Y,39,*,True,0.0,-15.0,Y,Y,False
F40A,-1.0108438419598387,F,40,A,False,0.0,-1.0108438419598387,F,F,False
F40C,0.6352263242113425,F,40,C,False,0.0,0.6352263242113425,F,F,False
F40D,-1.2040012040559942,F,40,D,False,0.0,-1.2040012040559942,F,F,False
F40E,-8.58959554204357,F,40,E,False,0.0,-8.58959554204357,F,F,False
F40G,-5.253620639330911,F,40,G,False,0.0,-5.253620639330911,F,F,False
F40H,-1.5435895244032183,F,40,H,False,0.0,-1.5435895244032183,F,F,False
F40I,0.8661931251383923,F,40,I,False,0.0,0.8661931251383923,F,F,False
F40K,1.0967584435180966,F,40,K,False,0.0,1.0967584435180966,F,F,False
F40L,-7.982865457964403,F,40,L,False,0.0,-7.982865457964403,F,F,False
F40M,-0.5660149611305431,F,40,M,False,0.0,-0.5660149611305431,F,F,False
F40N,0.39815498056819454,F,40,N,False,0.0,0.39815498056819454,F,F,False
F40P,2.622625481133154,F,40,P,False,0.0,2.622625481133154,F,F,False
F40Q,-1.8063063709124172,F,40,Q,False,0.0,-1.8063063709124172,F,F,False
F40R,-2.178157677425367,F,40,R,False,0.0,-2.178157677425367,F,F,False
F40S,-2.9781642500530476,F,40,S,False,0.0,-2.9781642500530476,F,F,False
F40T,-7.188331735039517,F,40,T,False,0.0,-7.188331735039517,F,F,False
F40V,-5.320181760856574,F,40,V,False,0.0,-5.320181760856574,F,F,False
F40W,-11.396375663209028,F,40,W,False,0.0,-11.396375663209028,F,F,False
F40Y,-5.730410582576232,F,40,Y,False,0.0,-5.730410582576232,F,F,False
F40*,-15.0,F,40,*,False,0.0,-15.0,F,F,False
S41A,-1.300143209989904,S,41,A,False,0.0,-1.300143209989904,S,S,False
S41C,-3.2304110974809435,S,41,C,False,0.0,-3.2304110974809435,S,S,False
S41D,-0.6013325354453565,S,41,D,False,0.0,-0.6013325354453565,S,S,False
S41E,-3.54151193823988,S,41,E,False,0.0,-3.54151193823988,S,S,False
S41F,-3.7774439071521284,S,41,F,False,0.0,-3.7774439071521284,S,S,False
S41G,-6.283956272837763,S,41,G,False,0.0,-6.283956272837763,S,S,False
S41H,-5.140142534829807,S,41,H,False,0.0,-5.140142534829807,S,S,False
S41I,-0.8750449451544242,S,41,I,False,0.0,-0.8750449451544242,S,S,False
S41K,1.6671566413857133,S,41,K,False,0.0,1.6671566413857133,S,S,False
S41L,0.5809776523509667,S,41,L,False,0.0,0.5809776523509667,S,S,False
S41M,0.638737234525353,S,41,M,False,0.0,0.638737234525353,S,S,False
S41N,-2.8997135335292166,S,41,N,False,0.0,-2.8997135335292166,S,S,False
S41P,-8.603751172872975,S,41,P,False,0.0,-8.603751172872975,S,S,False
S41Q,-0.2850227530367877,S,41,Q,False,0.0,-0.2850227530367877,S,S,False
S41R,-0.4003361399504197,S,41,R,False,0.0,-0.4003361399504197,S,S,False
S41T,-7.524487857976384,S,41,T,False,0.0,-7.524487857976384,S,S,False
S41V,-4.064396316009317,S,41,V,False,0.0,-4.064396316009317,S,S,False
S41W,-2.7161244931328428,S,41,W,False,0.0,-2.7161244931328428,S,S,False
S41Y,-0.4636618384204718,S,41,Y,False,0.0,-0.4636618384204718,S,S,False
S41*,-15.0,S,41,*,False,0.0,-15.0,S,S,False
Q42A,-1.3977139025654717,Q,42,A,True,-0.8052549143375961,-2.2029688169030677,Q,H,False
Q42C,-1.751053925590493,Q,42,C,True,1.4063444422586815,-0.3447094833318116,Q,H,False
Q42D,-5.828996268642989,Q,42,D,True,0.6481097059729736,-5.180886562670016,Q,H,False
Q42E,-2.74244212030446,Q,42,E,True,-0.3648658443192202,-3.1073079646236805,Q,H,False
Q42F,-4.779592074706343,Q,42,F,True,-1.0214381714302612,-5.801030246136604,Q,H,False
Q42G,1.16197282381967,Q,42,G,True,-1.4910681673374948,-0.32909534351782477,Q,H,False
Q42H,-0.8882940379545552,Q,42,H,True,-0.9967605335040618,-1.885054571458617,Q,H,True
Q42I,-1.537295476627679,Q,42,I,True,0.4071632390099622,-1.1301322376177168,Q,H,False
Q42K,0.5303731741094815,Q,42,K,True,-0.9147428420502487,-0.3843696679407672,Q,H,False
Q42L,-4.203095495811516,Q,42,L,True,1.002739008380571,-3.2003564874309447,Q,H,False
Q42M,-1.376850157411752,Q,42,M,True,-0.4459069939750557,-1.8227571513868077,Q,H,False
Q42N,-5.388331385258056,Q,42,N,True,0.8262023349433257,-4.56212905031473,Q,H,False
Q42P,-1.6352159711852008,Q,42,P,True,-0.8594515626407266,-2.494667533825927,Q,H,False
Q42R,0.029700149478799176,Q,42,R,True,0.1322099853466142,0.1619101348254134,Q,H,False
Q42S,0.49105428725830114,Q,42,S,True,0.08047741053010074,0.5715316977884018,Q,H,False
Q42T,0.9599881717643484,Q,42,T,True,-0.16226000890266468,0.7977281628616837,Q,H,False
Q42V,-5.127463592159199,Q,42,V,True,-0.018717079806139843,-5.146180671965339,Q,H,False
Q42W,-0.13543764885565057,Q,42,W,True,-0.5043458709975351,-0.6397835198531857,Q,H,False
Q42Y,-1.1895131400957268,Q,42,Y,True,-0.1698208318388292,-1.359333971934556,Q,H,False
Q42*,-15.0,Q,42,*,True,0.0,-15.0,Q,H,False
V43A,1.2078798449764931,V,43,A,False,0.0,1.2078798449764931,V,V,False
V43C,-6.951567813695603,V,43,C,False,0.0,-6.951567813695603,V,V,False
V43D,-0.5252770697160047,V,43,D,False,0.0,-0.5252770697160047,V,V,False
V43E,0.8227953073600816,V,43,E,False,0.0,0.8227953073600816,V,V,False
V43F,-0.2071375150415381,V,43,F,False,0.0,-0.2071375150415381,V,V,False
V43G,1.0502972875553853,V,43,G,False,0.0,1.0502972875553853,V,V,False
V43H,-0.1644867032152586,V,43,H,False,0.0,-0.1644867032152586,V,V,False
V43I,-4.219282107040624,V,43,I,False,0.0,-4.219282107040624,V,V,False
V43K,-7.20019210030725,V,43,K,False,0.0,-7.20019210030725,V,V,False
V43L,-3.7024317500836292,V,43,L,False,0.0,-3.7024317500836292,V,V,False
V43M,-7.901209624153184,V,43,M,False,0.0,-7.901209624153184,V,V,False
V43N,-0.8047689822677457,V,43,N,False,0.0,-0.8047689822677457,V,V,False
V43P,-6.656289468691636,V,43,P,False,0.0,-6.656289468691636,V,V,False
V43Q,-7.916426576879632,V,43,Q,False,0.0,-7.916426576879632,V,V,False
V43R,2.2072033157505717,V,43,R,False,0.0,2.2072033157505717,V,V,False
V43S,-2.399238762172758,V,43,S,False,0.0,-2.399238762172758,V,V,False
V43T,1.2438741909193478,V,43,T,False,0.0,1.2438741909193478,V,V,False
V43W,-0.8092195774191149,V,43,W,False,0.0,-0.8092195774191149,V,V,False
V43Y,-4.715181255413077,V,43,Y,False,0.0,-4.715181255413077,V,V,False
V43*,-15.0,V,43,*,False,0.0,-15.0,V,V,False
C44A,-7.708343325789753,C,44,A,False,0.0,-7.708343325789753,C,E,False
C44D,-9.787516987774108,C,44,D,False,0.0,-9.787516987774108,C,E,False
C44E,0.13602050241611374,C,44,E,False,0.0,0.13602050241611374,C,E,True
C44F,0.10254633434897331,C,44,F,False,0.0,0.10254633434897331,C,E,False
C44G,-3.6026398945037976,C,44,G,False,0.0,-3.6026398945037976,C,E,False
C44H,0.7200231554324115,C,44,H,False,0.0,0.7200231554324115,C,E,False
C44I,0.24935841099485678,C,44,I,False,0.0,0.24935841099485678,C,E,False
C44K,-3.892454864990869,C,44,K,False,0.0,-3.892454864990869,C,E,False
C44L,-7.760904425971658,C,44,L,False,0.0,-7.760904425971658,C,E,False
C44M,-2.394516923873118,C,44,M,False,0.0,-2.394516923873118,C,E,False
C44N,-0.6538481421521816,C,44,N,False,0.0,-0.6538481421521816,C,E,False
C44P,0.038367103157231464,C,44,P,False,0.0,0.038367103157231464,C,E,False
C44Q,-7.17657671332925,C,44,Q,False,0.0,-7.17657671332925,C,E,False
C44R,-1.3129060050568393,C,44,R,False,0.0,-1.3129060050568393,C,E,False
C44S,0.3904295097249362,C,44,S,False,0.0,0.3904295097249362,C,E,False
C44T,0.17664052830584254,C,44,T,False,0.0,0.17664052830584254,C,E,False
C44V,-6.671008893973568,C,44,V,False,0.0,-6.671008893973568,C,E,False
C44W,-0.8592095820748773,C,44,W,False,0.0,-0.8592095820748773,C,E,False
C44Y,-3.930416979372742,C,44,Y,False,0.0,-3.930416979372742,C,E,False
C44*,-15.0,C,44,*,False,0.0,-15.0,C,E,False
T45A,1.5280355566351975,T,45,A,False,0.0,1.5280355566351975,T,T,False
T45C,-1.2786121938576578,T,45,C,False,0.0,-1.2786121938576578,T,T,False
T45D,-1.6608383911515472,T,45,D,False,0.0,-1.6608383911515472,T,T,False
T45E,-4.339669340205981,T,45,E,False,0.0,-4.339669340205981,T,T,False
T45F,-1.3682570367790148,T,45,F,False,0.0,-1.3682570367790148,T,T,False
T45G,-0.6435697230789355,T,45,G,False,0.0,-0.6435697230789355,T,T,False
T45H,0.3630328989967192,T,45,H,False,0.0,0.3630328989967192,T,T,False
T45I,-5.328535371148208,T,45,I,False,0.0,-5.328535371148208,T,T,False
T45K,-0.4187957391010611,T,45,K,False,0.0,-0.4187957391010611,T,T,False
T45L,-6.443976919755281,T,45,L,False,0.0,-6.443976919755281,T,T,False
T45M,-6.333361118941969,T,45,M,False,0.0,-6.333361118941969,T,T,False
T45N,-6.546413801872497,T,45,N,False,0.0,-6.546413801872497,T,T,False
T45P,-0.8901584406455169,T,45,P,False,0.0,-0.8901584406455169,T,T,False
T45Q,0.2193069446944511,T,45,Q,False,0.0,0.2193069446944511,T,T,False
T45R,-1.8075159643954615,T,45,R,False,0.0,-1.8075159643954615,T,T,False
T45S,-0.7901246388348071,T,45,S,False,0.0,-0.7901246388348071,T,T,False
T45V,-3.1216212944376363,T,45,V,False,0.0,-3.1216212944376363,T,T,False
T45W,-5.616160890531021,T,45,W,False,0.0,-5.616160890531021,T,T,False
T45Y,-1.991614062886655,T,45,Y,False,0.0,-1.991614062886655,T,T,False
T45*,-15.0,T,45,*,False,0.0,-15.0,T,T,False
L46A,-0.17865128023690674,L,46,A,False,0.0,-0.17865128023690674,L,L,False
L46C,-5.218580466925417,L,46,C,False,0.0,-5.218580466925417,L,L,False
L46D,-1.2496594602265199,L,46,D,False,0.0,-1.2496594602265199,L,L,False
L46E,-4.695327386516489,L,46,E,False,0.0,-4.695327386516489,L,L,False
L46F,-3.855344067400917,L,46,F,False,0.0,-3.855344067400917,L,L,False
L46G,-0.8587676277934075,L,46,G,False,0.0,-0.8587676277934075,L,L,False
L46H,0.09682144830282091,L,46,H,False,0.0,0.09682144830282091,L,L,False
L46I,-4.708937765228048,L,46,I,False,0.0,-4.708937765228048,L,L,False
L46K,-3.801934486935155,L,46,K,False,0.0,-3.801934486935155,L,L,False
L46M,0.6876194593722618,L,46,M,False,0.0,0.6876194593722618,L,L,False
L46N,1.4079664292302088,L,46,N,False,0.0,1.4079664292302088,L,L,False
L46P,-1.7406362326597278,L,46,P,False,0.0,-1.7406362326597278,L,L,False
L46Q,-7.993783920868839,L,46,Q,False,0.0,-7.993783920868839,L,L,False
L46R,-7.033777355301701,L,46,R,False,0.0,-7.033777355301701,L,L,False
L46S,1.955714978902312,L,46,S,False,0.0,1.955714978902312,L,L,False
L46T,-4.812752216816123,L,46,T,False,0.0,-4.812752216816123,L,L,False
L46V,-1.1693317018662057,L,46,V,False,0.0,-1.1693317018662057,L,L,False
L46W,-1.273963509341927,L,46,W,False,0.0,-1.273963509341927,L,L,False
L46Y,-6.395524441974181,L,46,Y,False,0.0,-6.395524441974181,L,L,False
L46*,-15.0,L,46,*,False,0.0,-15.0,L,L,False
S47A,-2.104538975321,S,47,A,False,0.0,-2.104538975321,S,S,False
S47C,-0.04832122815413342,S,47,C,False,0.0,-0.04832122815413342,S,S,False
S47D,0.5143157859607475,S,47,D,False,0.0,0.5143157859607475,S,S,False
S47E,-0.8136529399021,S,47,E,False,0.0,-0.8136529399021,S,S,False
S47F,-5.7152930323132205,S,47,F,False,0.0,-5.7152930323132205,S,S,False
S47G,-1.5191645911973415,S,47,G,False,0.0,-1.5191645911973415,S,S,False
S47H,-8.65226455542585,S,47,H,False,0.0,-8.65226455542585,S,S,False
S47I,-0.09030222415064848,S,47,I,False,0.0,-0.09030222415064848,S,S,False
S47K,-0.6338377684907345,S,47,K,False,0.0,-0.6338377684907345,S,S,False
S47L,-2.103752622863812,S,47,L,False,0.0,-2.103752622863812,S,S,False
S47M,-0.5786480657582382,S,47,M,False,0.0,-0.5786480657582382,S,S,False
S47N,-4.90361053888537,S,47,N,False,0.0,-4.90361053888537,S,S,False
S47P,-4.510666835834858,S,47,P,False,0.0,-4.510666835834858,S,S,False
S47Q,-5.876015924807781,S,47,Q,False,0.0,-5.876015924807781,S,S,False
S47R,-3.325977035442855,S,47,R,False,0.0,-3.325977035442855,S,S,False
S47T,-0.6224651420479199,S,47,T,False,0.0,-0.6224651420479199,S,S,False
S47V,0.06350126375351728,S,47,V,False,0.0,0.06350126375351728,S,S,False
S47W,-2.51984883992713,S,47,W,False,0.0,-2.51984883992713,S,S,False
S47Y,2.1081705438620024,S,47,Y,False,0.0,2.1081705438620024,S,S,False
S47*,-15.0,S,47,*,False,0.0,-15.0,S,S,False
R48A,-4.904260901121192,R,48,A,True,1.8426112186273853,-3.0616496824938064,R,R,False
R48C,0.6539228458861364,R,48,C,True,0.22538414929643466,0.879306995182571,R,R,False
R48D,-0.696766845872577,R,48,D,True,1.38814214083999,0.6913752949674131,R,R,False
R48E,-2.3480073206813676,R,48,E,True,1.4200722622273205,-0.9279350584540471,R,R,False
R48F,-4.85485378525977,R,48,F,True,0.5636049391317942,-4.291248846127976,R,R,False
R48G,-3.756356485029222,R,48,G,True,1.228245612966528,-2.528110872062694,R,R,False
R48H,-0.6346555454051038,R,48,H,True,0.48369351016118173,-0.1509620352439221,R,R,False
R48I,1.3592518402658822,R,48,I,True,0.032409051928869885,1.391660892194752,R,R,False
R48K,-3.0307059515120867,R,48,K,True,-0.24957800106571285,-3.2802839525777996,R,R,False
R48L,-4.008105917527581,R,48,L,True,-0.6654247373644626,-4.673530654892043,R,R,False
R48M,-0.5702966460901502,R,48,M,True,-0.8539997533293233,-1.4242963994194735,R,R,False
R48N,-7.3977327074545585,R,48,N,True,1.9373236183813483,-5.46040908907321,R,R,False
R48P,-5.264248185837433,R,48,P,True,0.010068004378462102,-5.25418018145897,R,R,False
R48Q,1.0814359505260225,R,48,Q,True,0.060479762496552326,1.1419157130225748,R,R,False
R48S,-1.0001169012977171,R,48,S,True,0.9459527077682076,-0.05416419352950952,R,R,False
R48T,-6.008804876337095,R,48,T,True,-2.8700961013955135,-8.87890097773261,R,R,False
R48V,0.8995476052433724,R,48,V,True,0.3517101159912871,1.2512577212346594,R,R,False
R48W,-8.789599641029199,R,48,W,True,0.2654896785171297,-8.52410996251207,R,R,False
R48Y,-5.32660217469787,R,48,Y,True,0.10571221408927205,-5.220889960608598,R,R,False
R48*,-15.0,R,48,*,True,0.0,-15.0,R,R,False
L49A,-7.492217220065119,L,49,A,False,0.0,-7.492217220065119,L,V,False
L49C,-7.171981823709941,L,49,C,False,0.0,-7.171981823709941,L,V,False
L49D,-1.234582741684552,L,49,D,False,0.0,-1.234582741684552,L,V,False
L49E,0.09634506088504546,L,49,E,False,0.0,0.09634506088504546,L,V,False
L49F,3.530731284552153,L,49,F,False,0.0,3.530731284552153,L,V,False
L49G,1.0286461194262935,L,49,G,False,0.0,1.0286461194262935,L,V,False
L49H,-1.7397121409219178,L,49,H,False,0.0,-1.7397121409219178,L,V,False
L49I,-4.711507623868492,L,49,I,False,0.0,-4.711507623868492,L,V,False
L49K,0.9750029052040319,L,49,K,False,0.0,0.9750029052040319,L,V,False
L49M,-1.9519948888836613,L,49,M,False,0.0,-1.9519948888836613,L,V,False
L49N,-3.813396788353318,L,49,N,False,0.0,-3.813396788353318,L,V,False
L49P,2.7970774269706027,L,49,P,False,0.0,2.7970774269706027,L,V,False
L49Q,-4.145032783733104,L,49,Q,False,0.0,-4.145032783733104,L,V,False
L49R,-4.849183204794493,L,49,R,False,0.0,-4.849183204794493,L,V,False
L49S,-3.413591544924001,L,49,S,False,0.0,-3.413591544924001,L,V,False
L49T,-6.506198146005152,L,49,T,False,0.0,-6.506198146005152,L,V,False
L49V,0.9964030784001696,L,49,V,False,0.0,0.9964030784001696,L,V,True
L49W,-2.4301000202447205,L,49,W,False,0.0,-2.4301000202447205,L,V,False
L49Y,-2.067691327373753,L,49,Y,False,0.0,-2.067691327373753,L,V,False
L49*,-15.0,L,49,*,False,0.0,-15.0,L,V,False
G50A,-0.9973101506580321,G,50,A,False,0.0,-0.9973101506580321,G,G,False
G50C,-5.2658867280298605,G,50,C,False,0.0,-5.2658867280298605,G,G,False
G50D,-7.31121459802264,G,50,D,False,0.0,-7.31121459802264,G,G,False
G50E,-1.1541769214701185,G,50,E,False,0.0,-1.1541769214701185,G,G,False
G50F,-2.6762982850892483,G,50,F,False,0.0,-2.6762982850892483,G,G,False
G50H,-0.8630184277761254,G,50,H,False,0.0,-0.8630184277761254,G,G,False
G50I,-0.539009036903371,G,50,I,False,0.0,-0.539009036903371,G,G,False
G50K,0.6053492245163439,G,50,K,False,0.0,0.6053492245163439,G,G,False
G50L,-6.558383623649592,G,50,L,False,0.0,-6.558383623649592,G,G,False
G50M,-5.2951527713758075,G,50,M,False,0.0,-5.2951527713758075,G,G,False
G50N,-5.143904963982573,G,50,N,False,0.0,-5.143904963982573,G,G,False
G50P,0.40103941950725197,G,50,P,False,0.0,0.40103941950725197,G,G,False
G50Q,-2.7570329572335717,G,50,Q,False,0.0,-2.7570329572335717,G,G,False
G50R,0.1930476570442725,G,50,R,False,0.0,0.1930476570442725,G,G,False
G50S,-3.134911245105807,G,50,S,False,0.0,-3.134911245105807,G,G,False
G50T,1.9346186448512714,G,50,T,False,0.0,1.9346186448512714,G,G,False
G50V,-1.8884923988292814,G,50,V,False,0.0,-1.8884923988292814,G,G,False
G50W,1.0707261948720574,G,50,W,False,0.0,1.0707261948720574,G,G,False
G50Y,-9.847492770282878,G,50,Y,False,0.0,-9.847492770282878,G,G,False
G50*,-15.0,G,50,*,False,0.0,-15.0,G,G,False
