mutation,beta_h1,wt_aa,site,mut_aa,shifted_site,shift,beta_h2,aaseq_h1,aaseq_h2
R1A,-5.8693462515792,R,1,A,False,0.0,-5.8693462515792,R,R
R1C,-0.8647908179877986,R,1,C,False,0.0,-0.8647908179877986,R,R
R1D,-7.45866752034031,R,1,D,False,0.0,-7.45866752034031,R,R
R1E,-2.924110270847562,R,1,E,False,0.0,-2.924110270847562,R,R
R1F,-10.616506016364177,R,1,F,False,0.0,-10.616506016364177,R,R
R1G,-1.9306033863984668,R,1,G,False,0.0,-1.9306033863984668,R,R
R1H,-11.39950216030777,R,1,H,False,0.0,-11.39950216030777,R,R
R1I,-3.521922261460043,R,1,I,False,0.0,-3.521922261460043,R,R
R1K,-10.651871670749058,R,1,K,False,0.0,-10.651871670749058,R,R
R1L,-1.145937371397996,R,1,L,False,0.0,-1.145937371397996,R,R
R1M,0.9525618412162178,R,1,M,False,0.0,0.9525618412162178,R,R
R1N,-0.4121717609869923,R,1,N,False,0.0,-0.4121717609869923,R,R
R1P,0.7248104741089929,R,1,P,False,0.0,0.7248104741089929,R,R
R1Q,-9.68792951721851,R,1,Q,False,0.0,-9.68792951721851,R,R
R1S,0.6153612209736132,R,1,S,False,0.0,0.6153612209736132,R,R
R1T,-0.501330766961408,R,1,T,False,0.0,-0.501330766961408,R,R
R1V,-1.756412037317732,R,1,V,False,0.0,-1.756412037317732,R,R
R1W,-0.7185883102436634,R,1,W,False,0.0,-0.7185883102436634,R,R
R1Y,-5.3495409703471095,R,1,Y,False,0.0,-5.3495409703471095,R,R
R1*,-15.0,R,1,*,False,0.0,-15.0,R,R
S2A,-12.455030308143867,S,2,A,False,0.0,-12.455030308143867,S,V
S2C,-6.191639506111705,S,2,C,False,0.0,-6.191639506111705,S,V
S2D,-10.169210015495905,S,2,D,False,0.0,-10.169210015495905,S,V
S2E,-3.8960578192550197,S,2,E,False,0.0,-3.8960578192550197,S,V
S2F,-2.027542845160789,S,2,F,False,0.0,-2.027542845160789,S,V
S2G,-10.988069703721667,S,2,G,False,0.0,-10.988069703721667,S,V
S2H,-7.770006751341949,S,2,H,False,0.0,-7.770006751341949,S,V
S2I,-5.396567887500852,S,2,I,False,0.0,-5.396567887500852,S,V
S2K,-9.85158684568204,S,2,K,False,0.0,-9.85158684568204,S,V
S2L,-11.397536045212973,S,2,L,False,0.0,-11.397536045212973,S,V
S2M,-5.900666778998279,S,2,M,False,0.0,-5.900666778998279,S,V
S2N,-9.469991268956743,S,2,N,False,0.0,-9.469991268956743,S,V
S2P,-0.6107203384868244,S,2,P,False,0.0,-0.6107203384868244,S,V
S2Q,-3.1528798451374964,S,2,Q,False,0.0,-3.1528798451374964,S,V
S2R,2.131167958446812,S,2,R,False,0.0,2.131167958446812,S,V
S2T,-10.214064580411955,S,2,T,False,0.0,-10.214064580411955,S,V
S2V,1.183358329164557,S,2,V,False,0.0,1.183358329164557,S,V
S2W,-12.04976323540156,S,2,W,False,0.0,-12.04976323540156,S,V
S2Y,-7.5654571931828185,S,2,Y,False,0.0,-7.5654571931828185,S,V
S2*,-15.0,S,2,*,False,0.0,-15.0,S,V
V3A,-0.22941548522018418,V,3,A,True,0.6618412303275621,0.43242574510737797,V,V
V3C,-2.9544880228448083,V,3,C,True,-0.49630522784113146,-3.4507932506859396,V,V
V3D,-1.2279701254049602,V,3,D,True,3.64615678051167,2.4181866551067097,V,V
V3E,-4.041835548567315,V,3,E,True,-0.3781381944046154,-4.41997374297193,V,V
V3F,-4.918138203266251,V,3,F,True,0.16441476236727418,-4.753723440898977,V,V
V3G,1.6128579848380624,V,3,G,True,2.373721675592345,3.986579660430407,V,V
V3H,-7.362905792488801,V,3,H,True,-1.3638486072843627,-8.726754399773164,V,V
V3I,-4.51719592896934,V,3,I,True,-0.8874549868954327,-5.404650915864773,V,V
V3K,-3.613266810457473,V,3,K,True,0.2814048387555532,-3.3318619717019198,V,V
V3L,-1.1120548067023048,V,3,L,True,-0.49480493666903885,-1.6068597433713436,V,V
V3M,0.45051166097452167,V,3,M,True,-1.7891469186327091,-1.3386352576581875,V,V
V3N,-9.502535911316386,V,3,N,True,-0.30731476588138096,-9.809850677197767,V,V
V3P,-1.2976708882552406,V,3,P,True,-0.5382434205018647,-1.8359143087571053,V,V
V3Q,-5.364197974696443,V,3,Q,True,0.905207403914243,-4.4589905707822,V,V
V3R,-0.3738732492186585,V,3,R,True,-2.4971827942075415,-2.8710560434262,V,V
V3S,-7.223351941464112,V,3,S,True,-1.050268556534927,-8.273620497999039,V,V
V3T,-0.798237274856038,V,3,T,True,1.7270865142307552,0.9288492393747172,V,V
V3W,2.0465970850393864,V,3,W,True,2.7859965108469678,4.832593595886355,V,V
V3Y,-1.2320336703585308,V,3,Y,True,-2.2667693365325485,-3.4988030068910794,V,V
V3*,-15.0,V,3,*,True,0.0,-15.0,V,V
I4A,-2.081550297772317,I,4,A,False,0.0,-2.081550297772317,I,I
I4C,-6.447688519962211,I,4,C,False,0.0,-6.447688519962211,I,I
I4D,-0.36801421075728646,I,4,D,False,0.0,-0.36801421075728646,I,I
I4E,-7.081218730005895,I,4,E,False,0.0,-7.081218730005895,I,I
I4F,-1.4341442019791004,I,4,F,False,0.0,-1.4341442019791004,I,I
I4G,-3.1245454486816406,I,4,G,False,0.0,-3.1245454486816406,I,I
I4H,-5.1087689220715955,I,4,H,False,0.0,-5.1087689220715955,I,I
I4K,-6.752032363610276,I,4,K,False,0.0,-6.752032363610276,I,I
I4L,-13.967070449542513,I,4,L,False,0.0,-13.967070449542513,I,I
I4M,-6.211702398163118,I,4,M,False,0.0,-6.211702398163118,I,I
I4N,1.4797901687343418,I,4,N,False,0.0,1.4797901687343418,I,I
I4P,-3.5947548335620105,I,4,P,False,0.0,-3.5947548335620105,I,I
I4Q,0.28456028508449294,I,4,Q,False,0.0,0.28456028508449294,I,I
I4R,-10.292553133335357,I,4,R,False,0.0,-10.292553133335357,I,I
I4S,0.42392687867489887,I,4,S,False,0.0,0.42392687867489887,I,I
I4T,-7.272905539375828,I,4,T,False,0.0,-7.272905539375828,I,I
I4V,-2.2303274150899703,I,4,V,False,0.0,-2.2303274150899703,I,I
I4W,-1.4715125973826984,I,4,W,False,0.0,-1.4715125973826984,I,I
I4Y,-0.9940265482789196,I,4,Y,False,0.0,-0.9940265482789196,I,I
I4*,-15.0,I,4,*,False,0.0,-15.0,I,I
L5A,-0.3433215540337069,L,5,A,False,0.0,-0.3433215540337069,L,L
L5C,-5.667117738947924,L,5,C,False,0.0,-5.667117738947924,L,L
L5D,1.1194369723332045,L,5,D,False,0.0,1.1194369723332045,L,L
L5E,-7.84654008190385,L,5,E,False,0.0,-7.84654008190385,L,L
L5F,-1.7717263372207768,L,5,F,False,0.0,-1.7717263372207768,L,L
L5G,-6.094320956616495,L,5,G,False,0.0,-6.094320956616495,L,L
L5H,-5.292586642926094,L,5,H,False,0.0,-5.292586642926094,L,L
L5I,-2.9421419225633185,L,5,I,False,0.0,-2.9421419225633185,L,L
L5K,-7.33957830577649,L,5,K,False,0.0,-7.33957830577649,L,L
L5M,-0.7241669919757728,L,5,M,False,0.0,-0.7241669919757728,L,L
L5N,-2.700687136920293,L,5,N,False,0.0,-2.700687136920293,L,L
L5P,0.8473538549033115,L,5,P,False,0.0,0.8473538549033115,L,L
L5Q,-0.2474148439327294,L,5,Q,False,0.0,-0.2474148439327294,L,L
L5R,0.2900665655910758,L,5,R,False,0.0,0.2900665655910758,L,L
L5S,-9.938463910670077,L,5,S,False,0.0,-9.938463910670077,L,L
L5T,-6.331594807690376,L,5,T,False,0.0,-6.331594807690376,L,L
L5V,2.508323717495049,L,5,V,False,0.0,2.508323717495049,L,L
L5W,-11.980798959790466,L,5,W,False,0.0,-11.980798959790466,L,L
L5Y,-11.604943226085403,L,5,Y,False,0.0,-11.604943226085403,L,L
L5*,-15.0,L,5,*,False,0.0,-15.0,L,L
R6A,-0.8428672904786056,R,6,A,False,0.0,-0.8428672904786056,R,R
R6C,-9.18590577619366,R,6,C,False,0.0,-9.18590577619366,R,R
R6D,-0.8487666019206437,R,6,D,False,0.0,-0.8487666019206437,R,R
R6E,-9.8247385046596,R,6,E,False,0.0,-9.8247385046596,R,R
R6F,-3.8436109860697014,R,6,F,False,0.0,-3.8436109860697014,R,R
R6G,-9.468614616703686,R,6,G,False,0.0,-9.468614616703686,R,R
R6H,3.4660786416939295,R,6,H,False,0.0,3.4660786416939295,R,R
R6I,-0.9738920233846369,R,6,I,False,0.0,-0.9738920233846369,R,R
R6K,-1.3363321547411846,R,6,K,False,0.0,-1.3363321547411846,R,R
R6L,-7.291317744805368,R,6,L,False,0.0,-7.291317744805368,R,R
R6M,-7.550803827120998,R,6,M,False,0.0,-7.550803827120998,R,R
R6N,-9.382408364029752,R,6,N,False,0.0,-9.382408364029752,R,R
R6P,-6.787822486556455,R,6,P,False,0.0,-6.787822486556455,R,R
R6Q,-1.0104196168221722,R,6,Q,False,0.0,-1.0104196168221722,R,R
R6S,-3.697219256882865,R,6,S,False,0.0,-3.697219256882865,R,R
R6T,-0.6692997325266762,R,6,T,False,0.0,-0.6692997325266762,R,R
R6V,-9.286699433270366,R,6,V,False,0.0,-9.286699433270366,R,R
R6W,-3.1438988512916364,R,6,W,False,0.0,-3.1438988512916364,R,R
R6Y,-0.1250233846534401,R,6,Y,False,0.0,-0.1250233846534401,R,R
R6*,-15.0,R,6,*,False,0.0,-15.0,R,R
A7C,-0.25669277860280515,A,7,C,False,0.0,-0.25669277860280515,A,A
A7D,-6.0067706348071574,A,7,D,False,0.0,-6.0067706348071574,A,A
A7E,-1.7954091675427009,A,7,E,False,0.0,-1.7954091675427009,A,A
A7F,-1.2776589794966227,A,7,F,False,0.0,-1.2776589794966227,A,A
A7G,-6.04509756379276,A,7,G,False,0.0,-6.04509756379276,A,A
A7H,-12.53042677898321,A,7,H,False,0.0,-12.53042677898321,A,A
A7I,-3.288581399146632,A,7,I,False,0.0,-3.288581399146632,A,A
A7K,0.016278786157664316,A,7,K,False,0.0,0.016278786157664316,A,A
A7L,-15.620618680708796,A,7,L,False,0.0,-15.620618680708796,A,A
A7M,-5.776394518471575,A,7,M,False,0.0,-5.776394518471575,A,A
A7N,-5.489041727984955,A,7,N,False,0.0,-5.489041727984955,A,A
A7P,-1.7793306327413594,A,7,P,False,0.0,-1.7793306327413594,A,A
A7Q,-7.218376627133131,A,7,Q,False,0.0,-7.218376627133131,A,A
A7R,-3.308985498265469,A,7,R,False,0.0,-3.308985498265469,A,A
A7S,-12.541065885068111,A,7,S,False,0.0,-12.541065885068111,A,A
A7T,-2.122617215303241,A,7,T,False,0.0,-2.122617215303241,A,A
A7V,0.1442195388386034,A,7,V,False,0.0,0.1442195388386034,A,A
A7W,-7.027874385512402,A,7,W,False,0.0,-7.027874385512402,A,A
A7Y,2.032285371349822,A,7,Y,False,0.0,2.032285371349822,A,A
A7*,-15.0,A,7,*,False,0.0,-15.0,A,A
Y8A,-3.1672283232532594,Y,8,A,True,0.9672712663391676,-2.1999570569140916,Y,Y
Y8C,-4.97121174422509,Y,8,C,True,-1.4709118278279327,-6.442123572053022,Y,Y
Y8D,0.20876027903192318,Y,8,D,True,-1.285279732074135,-1.0765194530422117,Y,Y
Y8E,-8.578375960568192,Y,8,E,True,-1.3078187748834802,-9.88619473545167,Y,Y
Y8F,-10.415236417754125,Y,8,F,True,-0.6337618937435915,-11.048998311497716,Y,Y
Y8G,-4.250362850611205,Y,8,G,True,1.494659740370043,-2.7557031102411615,Y,Y
Y8H,-9.176647585386876,Y,8,H,True,1.0686319063148517,-8.108015679072023,Y,Y
Y8I,-3.065141587591487,Y,8,I,True,0.08871636482855985,-2.976425222762927,Y,Y
Y8K,-0.9461029931069528,Y,8,K,True,-0.5449663177228761,-1.491069310829829,Y,Y
Y8L,-12.292049197327186,Y,8,L,True,0.004933264401165113,-12.287115932926021,Y,Y
Y8M,-5.67453309533738,Y,8,M,True,-0.15889566308613484,-5.833428758423515,Y,Y
Y8N,-6.064628552960979,Y,8,N,True,1.1895799791929547,-4.875048573768025,Y,Y
Y8P,-2.6165893591559986,Y,8,P,True,-0.9473574446883233,-3.563946803844322,Y,Y
Y8Q,-2.373119224081761,Y,8,Q,True,-0.00929236272863902,-2.3824115868104,Y,Y
Y8R,-6.135894059442319,Y,8,R,True,-0.151601417713867,-6.287495477156186,Y,Y
Y8S,-2.4181105340838105,Y,8,S,True,-0.07846222627778811,-2.4965727603615986,Y,Y
Y8T,-7.256557514467814,Y,8,T,True,0.3738264878473614,-6.882731026620453,Y,Y
Y8V,-1.9556102602560799,Y,8,V,True,0.2964901365637478,-1.659120123692332,Y,Y
Y8W,-9.120344898269055,Y,8,W,True,2.002272861362373,-7.118072036906682,Y,Y
Y8*,-15.0,Y,8,*,True,0.0,-15.0,Y,Y
T9A,-9.813099697419172,T,9,A,True,-0.13031340941645328,-9.943413106835626,T,T
T9C,-1.9379390624895132,T,9,C,True,2.3422984401733355,0.40435937768382235,T,T
T9D,-5.504935065125231,T,9,D,True,-0.45877953174994623,-5.963714596875177,T,T
T9E,-9.00239995089501,T,9,E,True,-0.7165971259173188,-9.718997076812329,T,T
T9F,-11.79729243525929,T,9,F,True,0.15110728312927815,-11.646185152130013,T,T
T9G,-15.346076228986018,T,9,G,True,0.5331577085240282,-14.81291852046199,T,T
T9H,-3.0069298512525044,T,9,H,True,0.4044186096700515,-2.602511241582453,T,T
T9I,-5.7807609442055545,T,9,I,True,1.9379450750819447,-3.84281586912361,T,T
T9K,-6.737537780116704,T,9,K,True,1.7090144682379265,-5.028523311878778,T,T
T9L,-7.595499067951251,T,9,L,True,0.7416605971816324,-6.8538384707696185,T,T
T9M,-12.962333374191756,T,9,M,True,-0.5045043887048294,-13.466837762896585,T,T
T9N,-11.712117460854934,T,9,N,True,-0.1509215194606624,-11.863038980315597,T,T
T9P,0.32598960389447007,T,9,P,True,2.1200970268826755,2.4460866307771454,T,T
T9Q,-3.0457590144718347,T,9,Q,True,0.3318811842764996,-2.7138778301953352,T,T
T9R,-8.955268395032482,T,9,R,True,-1.9661597000696185,-10.921428095102101,T,T
T9S,-8.176789797696848,T,9,S,True,-1.0343478480722714,-9.21113764576912,T,T
T9V,-1.9188437002792589,T,9,V,True,-0.8662698498471122,-2.785113550126371,T,T
T9W,-1.7386581419337075,T,9,W,True,1.7283071555635123,-0.010350986370195159,T,T
T9Y,-9.320255274546177,T,9,Y,True,-0.1607459772362217,-9.481001251782398,T,T
T9*,-15.0,T,9,*,True,0.0,-15.0,T,T
N10A,-6.513213828263927,N,10,A,False,0.0,-6.513213828263927,N,N
N10C,1.0288023944783757,N,10,C,False,0.0,1.0288023944783757,N,N
N10D,-6.923008865016795,N,10,D,False,0.0,-6.923008865016795,N,N
N10E,-6.881715209006597,N,10,E,False,0.0,-6.881715209006597,N,N
N10F,-11.030377841247482,N,10,F,False,0.0,-11.030377841247482,N,N
N10G,-0.8884696868815859,N,10,G,False,0.0,-0.8884696868815859,N,N
N10H,1.0634692751280124,N,10,H,False,0.0,1.0634692751280124,N,N
N10I,-0.6769487902152256,N,10,I,False,0.0,-0.6769487902152256,N,N
N10K,-9.161395847287974,N,10,K,False,0.0,-9.161395847287974,N,N
N10L,-11.330611219289072,N,10,L,False,0.0,-11.330611219289072,N,N
N10M,-4.0366269136233495,N,10,M,False,0.0,-4.0366269136233495,N,N
N10P,-5.619967940688291,N,10,P,False,0.0,-5.619967940688291,N,N
N10Q,-0.03024185294689996,N,10,Q,False,0.0,-0.03024185294689996,N,N
N10R,-7.140644999080813,N,10,R,False,0.0,-7.140644999080813,N,N
N10S,-6.513832241722417,N,10,S,False,0.0,-6.513832241722417,N,N
N10T,-9.906214575522846,N,10,T,False,0.0,-9.906214575522846,N,N
N10V,0.6869137327181798,N,10,V,False,0.0,0.6869137327181798,N,N
N10W,-4.935537307435181,N,10,W,False,0.0,-4.935537307435181,N,N
N10Y,-9.184808156045849,N,10,Y,False,0.0,-9.184808156045849,N,N
N10*,-15.0,N,10,*,False,0.0,-15.0,N,N
S11A,-14.539005030554414,S,11,A,False,0.0,-14.539005030554414,S,S
S11C,-1.4986887181798136,S,11,C,False,0.0,-1.4986887181798136,S,S
S11D,-8.684516570150514,S,11,D,False,0.0,-8.684516570150514,S,S
S11E,-2.2433227521515864,S,11,E,False,0.0,-2.2433227521515864,S,S
S11F,-12.24793258729893,S,11,F,False,0.0,-12.24793258729893,S,S
S11G,1.0910802179606238,S,11,G,False,0.0,1.0910802179606238,S,S
S11H,-10.335426851762548,S,11,H,False,0.0,-10.335426851762548,S,S
S11I,-4.280205153666425,S,11,I,False,0.0,-4.280205153666425,S,S
S11K,-9.072161133370638,S,11,K,False,0.0,-9.072161133370638,S,S
S11L,-1.631992964160451,S,11,L,False,0.0,-1.631992964160451,S,S
S11M,-6.683463971434495,S,11,M,False,0.0,-6.683463971434495,S,S
S11N,-4.195935835466656,S,11,N,False,0.0,-4.195935835466656,S,S
S11P,-0.08788976125944736,S,11,P,False,0.0,-0.08788976125944736,S,S
S11Q,-2.030707201188835,S,11,Q,False,0.0,-2.030707201188835,S,S
S11R,0.766399272800891,S,11,R,False,0.0,0.766399272800891,S,S
S11T,0.07506898152111341,S,11,T,False,0.0,0.07506898152111341,S,S
S11V,-8.935958669316523,S,11,V,False,0.0,-8.935958669316523,S,S
S11W,0.16733257103189114,S,11,W,False,0.0,0.16733257103189114,S,S
S11Y,-12.154953997830074,S,11,Y,False,0.0,-12.154953997830074,S,S
S11*,-15.0,S,11,*,False,0.0,-15.0,S,S
R12A,-3.357606386432046,R,12,A,False,0.0,-3.357606386432046,R,R
R12C,-0.6257825292483385,R,12,C,False,0.0,-0.6257825292483385,R,R
R12D,-4.7374894715091465,R,12,D,False,0.0,-4.7374894715091465,R,R
R12E,-2.351508729936363,R,12,E,False,0.0,-2.351508729936363,R,R
R12F,1.3990513301469794,R,12,F,False,0.0,1.3990513301469794,R,R
R12G,-9.37522146102393,R,12,G,False,0.0,-9.37522146102393,R,R
R12H,-9.623771070530205,R,12,H,False,0.0,-9.623771070530205,R,R
R12I,1.7737641595879767,R,12,I,False,0.0,1.7737641595879767,R,R
R12K,-12.518022172558847,R,12,K,False,0.0,-12.518022172558847,R,R
R12L,-1.530088311269246,R,12,L,False,0.0,-1.530088311269246,R,R
R12M,-8.823674232161535,R,12,M,False,0.0,-8.823674232161535,R,R
R12N,-1.6157274043757273,R,12,N,False,0.0,-1.6157274043757273,R,R
R12P,-9.307088022749042,R,12,P,False,0.0,-9.307088022749042,R,R
R12Q,-2.305586902492043,R,12,Q,False,0.0,-2.305586902492043,R,R
R12S,-2.2556520440787384,R,12,S,False,0.0,-2.2556520440787384,R,R
R12T,1.0176213126304852,R,12,T,False,0.0,1.0176213126304852,R,R
R12V,2.659232431707352,R,12,V,False,0.0,2.659232431707352,R,R
R12W,-5.235873054689259,R,12,W,False,0.0,-5.235873054689259,R,R
R12Y,-8.394052415322715,R,12,Y,False,0.0,-8.394052415322715,R,R
R12*,-15.0,R,12,*,False,0.0,-15.0,R,R
V13A,0.6726811761186828,V,13,A,False,0.0,0.6726811761186828,V,V
V13C,-0.45571987066479536,V,13,C,False,0.0,-0.45571987066479536,V,V
V13D,-2.5991683103013123,V,13,D,False,0.0,-2.5991683103013123,V,V
V13E,-10.969495838428546,V,13,E,False,0.0,-10.969495838428546,V,V
V13F,-6.449682457409363,V,13,F,False,0.0,-6.449682457409363,V,V
V13G,2.1306531126993606,V,13,G,False,0.0,2.1306531126993606,V,V
V13H,-1.2553041967581646,V,13,H,False,0.0,-1.2553041967581646,V,V
V13I,-1.3527147947211098,V,13,I,False,0.0,-1.3527147947211098,V,V
V13K,-5.3969871089167025,V,13,K,False,0.0,-5.3969871089167025,V,V
V13L,-0.23282492562880064,V,13,L,False,0.0,-0.23282492562880064,V,V
V13M,-1.698828007303818,V,13,M,False,0.0,-1.698828007303818,V,V
V13N,-0.15413423116388736,V,13,N,False,0.0,-0.15413423116388736,V,V
V13P,-0.5717844930881566,V,13,P,False,0.0,-0.5717844930881566,V,V
V13Q,1.3561572366882977,V,13,Q,False,0.0,1.3561572366882977,V,V
V13R,-0.6402028220703454,V,13,R,False,0.0,-0.6402028220703454,V,V
V13S,-1.2319336058209296,V,13,S,False,0.0,-1.2319336058209296,V,V
V13T,-12.497487362299829,V,13,T,False,0.0,-12.497487362299829,V,V
V13W,0.4127084890819257,V,13,W,False,0.0,0.4127084890819257,V,V
V13Y,-5.206830241088738,V,13,Y,False,0.0,-5.206830241088738,V,V
V13*,-15.0,V,13,*,False,0.0,-15.0,V,V
K14A,-9.625278090851166,K,14,A,False,0.0,-9.625278090851166,K,K
K14C,-16.507178073807403,K,14,C,False,0.0,-16.507178073807403,K,K
K14D,2.478030642002028,K,14,D,False,0.0,2.478030642002028,K,K
K14E,-9.23399344998188,K,14,E,False,0.0,-9.23399344998188,K,K
K14F,-9.084315643968338,K,14,F,False,0.0,-9.084315643968338,K,K
K14G,-10.704485046962862,K,14,G,False,0.0,-10.704485046962862,K,K
K14H,-9.286169646621353,K,14,H,False,0.0,-9.286169646621353,K,K
K14I,-4.918881880260178,K,14,I,False,0.0,-4.918881880260178,K,K
K14L,-10.243556029442836,K,14,L,False,0.0,-10.243556029442836,K,K
K14M,-5.394535345303486,K,14,M,False,0.0,-5.394535345303486,K,K
K14N,-6.520882170717662,K,14,N,False,0.0,-6.520882170717662,K,K
K14P,1.390615567134738,K,14,P,False,0.0,1.390615567134738,K,K
K14Q,-9.024727782736482,K,14,Q,False,0.0,-9.024727782736482,K,K
K14R,-1.6215210600060106,K,14,R,False,0.0,-1.6215210600060106,K,K
K14S,1.819302213761978,K,14,S,False,0.0,1.819302213761978,K,K
K14T,-1.246681474510848,K,14,T,False,0.0,-1.246681474510848,K,K
K14V,0.04610268809113616,K,14,V,False,0.0,0.04610268809113616,K,K
K14W,0.8220885142069569,K,14,W,False,0.0,0.8220885142069569,K,K
K14Y,-1.9023514990575672,K,14,Y,False,0.0,-1.9023514990575672,K,K
K14*,-15.0,K,14,*,False,0.0,-15.0,K,K
R15A,0.19703969803607757,R,15,A,True,3.3901601605804057,3.5871998586164833,R,R
R15C,-8.54658525514097,R,15,C,True,0.9849292053906409,-7.561656049750329,R,R
R15D,-4.337781615805252,R,15,D,True,0.18721023799529202,-4.1505713778099596,R,R
R15E,0.6553102814542968,R,15,E,True,-0.6535558785427349,0.0017544029115619253,R,R
R15F,1.7302495403299585,R,15,F,True,1.4582689645187585,3.188518504848717,R,R
R15G,-10.183942963025697,R,15,G,True,-0.3610667133961041,-10.5450096764218,R,R
R15H,-5.636630061897957,R,15,H,True,-1.236185180125681,-6.872815242023638,R,R
R15I,-8.354776854171519,R,15,I,True,0.8521990765963321,-7.502577777575187,R,R
R15K,-0.16599903609672584,R,15,K,True,0.019137475059246234,-0.1468615610374796,R,R
R15L,-0.22007072926047,R,15,L,True,1.783591088736816,1.563520359476346,R,R
R15M,-0.38247057701689474,R,15,M,True,-0.11038997812326222,-0.492860555140157,R,R
R15N,-3.664036477800884,R,15,N,True,-4.289531949933834,-7.953568427734718,R,R
R15P,-2.4127849268907022,R,15,P,True,1.1840496062699692,-1.228735320620733,R,R
R15Q,-10.151934727491298,R,15,Q,True,-2.816611325920894,-12.968546053412192,R,R
R15S,-6.141088832686945,R,15,S,True,2.308134218113555,-3.83295461457339,R,R
R15T,-5.588514406790274,R,15,T,True,2.732047107876103,-2.8564672989141715,R,R
R15V,-6.159317378546508,R,15,V,True,-0.6405470788572278,-6.799864457403736,R,R
R15W,0.7148489019304223,R,15,W,True,-1.7470528651730926,-1.0322039632426703,R,R
R15Y,-10.169619179818879,R,15,Y,True,-2.095611037002392,-12.265230216821271,R,R
R15*,-15.0,R,15,*,True,0.0,-15.0,R,R
V16A,-5.452888482619231,V,16,A,True,1.308981931877746,-4.143906550741486,V,I
V16C,-10.65912281091651,V,16,C,True,-0.30317726643070364,-10.962300077347214,V,I
V16D,-1.3491379362030207,V,16,D,True,-0.8975399001332022,-2.246677836336223,V,I
V16E,-4.483706910550237,V,16,E,True,-0.3651295518693805,-4.848836462419618,V,I
V16F,-7.207800067411229,V,16,F,True,3.1327720313965726,-4.075028036014657,V,I
V16G,-7.475841712578801,V,16,G,True,0.5203789906316201,-6.955462721947181,V,I
V16H,-7.731687160548376,V,16,H,True,1.118590425048683,-6.613096735499694,V,I
V16I,-0.023266923135494055,V,16,I,True,1.1653613866845167,1.1420944635490227,V,I
V16K,-2.6701358278067815,V,16,K,True,1.5276316997819217,-1.1425041280248598,V,I
V16L,-7.267087772514866,V,16,L,True,1.5920271580310692,-5.675060614483797,V,I
V16M,-12.44452482841481,V,16,M,True,-1.0656996704939643,-13.510224498908775,V,I
V16N,-0.31144564437729705,V,16,N,True,-0.32278170363546077,-0.6342273480127578,V,I
V16P,-13.450867463427278,V,16,P,True,-1.1411404628935322,-14.59200792632081,V,I
V16Q,-4.7550183189598085,V,16,Q,True,-1.0667448424576054,-5.8217631614174135,V,I
V16R,-0.4647279730610386,V,16,R,True,1.7122616061520048,1.2475336330909663,V,I
V16S,-9.162152329094946,V,16,S,True,-0.7526333207917499,-9.914785649886696,V,I
V16T,-7.61759134085669,V,16,T,True,-0.11872704177471426,-7.736318382631405,V,I
V16W,-3.8487869732817797,V,16,W,True,-1.0392395130087337,-4.888026486290514,V,I
V16Y,-1.690654434198665,V,16,Y,True,-0.8901041565646732,-2.580758590763338,V,I
V16*,-15.0,V,16,*,True,0.0,-15.0,V,I
I17A,0.3465537316909657,I,17,A,True,1.1823569153095188,1.5289106470004845,I,K
I17C,-2.782464043845777,I,17,C,True,-0.6681449872479078,-3.4506090310936846,I,K
I17D,-10.277503860411882,I,17,D,True,-0.7231802800608286,-11.00068414047271,I,K
I17E,-8.515517476604623,I,17,E,True,0.7403364914271449,-7.775180985177478,I,K
I17F,-11.935173132757402,I,17,F,True,0.7507309912455515,-11.18444214151185,I,K
I17G,-0.09069313029018711,I,17,G,True,1.1886339259599512,1.0979407956697642,I,K
I17H,-8.071046013320233,I,17,H,True,0.2561466786983506,-7.814899334621883,I,K
I17K,2.563328497815383,I,17,K,True,-2.6306112907155694,-0.06728279290018646,I,K
I17L,-2.154857137431332,I,17,L,True,0.9454447148842521,-1.20941242254708,I,K
I17M,-7.826543422733801,I,17,M,True,0.7474938220503873,-7.079049600683414,I,K
I17N,-5.181387881226209,I,17,N,True,1.5272064143469137,-3.6541814668792956,I,K
I17P,-1.2612557208339643,I,17,P,True,-1.269702925317421,-2.5309586461513853,I,K
I17Q,-10.647010534301305,I,17,Q,True,3.7812114512324877,-6.865799083068818,I,K
I17R,-0.16673252600608457,I,17,R,True,-1.8485791722049103,-2.015311698210995,I,K
I17S,-7.0655230993630775,I,17,S,True,1.0904298910346997,-5.975093208328378,I,K
I17T,-4.723158453402149,I,17,T,True,0.06893283615343557,-4.654225617248714,I,K
I17V,-2.621513394410998,I,17,V,True,-0.7306989682667921,-3.3522123626777898,I,K
I17W,-0.3252939760722889,I,17,W,True,1.2241985417349592,0.8989045656626704,I,K
I17Y,-3.05021616212398,I,17,Y,True,-0.4221451818175015,-3.4723613439414813,I,K
I17*,-15.0,I,17,*,True,0.0,-15.0,I,K
L18A,-2.5247495257674206,L,18,A,False,0.0,-2.5247495257674206,L,L
L18C,-10.949905567256405,L,18,C,False,0.0,-10.949905567256405,L,L
L18D,-13.111813742228435,L,18,D,False,0.0,-13.111813742228435,L,L
L18E,0.05709226728304617,L,18,E,False,0.0,0.05709226728304617,L,L
L18F,2.054277911438179,L,18,F,False,0.0,2.054277911438179,L,L
L18G,-0.016005571143287378,L,18,G,False,0.0,-0.016005571143287378,L,L
L18H,-1.42424941955088,L,18,H,False,0.0,-1.42424941955088,L,L
L18I,-0.7892380349826181,L,18,I,False,0.0,-0.7892380349826181,L,L
L18K,1.7057159949306613,L,18,K,False,0.0,1.7057159949306613,L,L
L18M,-12.7945161850962,L,18,M,False,0.0,-12.7945161850962,L,L
L18N,0.6784386984097868,L,18,N,False,0.0,0.6784386984097868,L,L
L18P,-5.648484500162522,L,18,P,False,0.0,-5.648484500162522,L,L
L18Q,-5.526756091593267,L,18,Q,False,0.0,-5.526756091593267,L,L
L18R,1.1344984331887786,L,18,R,False,0.0,1.1344984331887786,L,L
L18S,-5.152389339169006,L,18,S,False,0.0,-5.152389339169006,L,L
L18T,-13.28463623826864,L,18,T,False,0.0,-13.28463623826864,L,L
L18V,-6.823342634561091,L,18,V,False,0.0,-6.823342634561091,L,L
L18W,-1.8832575013852593,L,18,W,False,0.0,-1.8832575013852593,L,L
L18Y,1.6234287585004559,L,18,Y,False,0.0,1.6234287585004559,L,L
L18*,-15.0,L,18,*,False,0.0,-15.0,L,L
C19A,-1.5772914417326531,C,19,A,False,0.0,-1.5772914417326531,C,C
C19D,-13.82791784450097,C,19,D,False,0.0,-13.82791784450097,C,C
C19E,-9.530838990658808,C,19,E,False,0.0,-9.530838990658808,C,C
C19F,-0.8646970475385308,C,19,F,False,0.0,-0.8646970475385308,C,C
C19G,-1.1138553300224512,C,19,G,False,0.0,-1.1138553300224512,C,C
C19H,-8.647989768243091,C,19,H,False,0.0,-8.647989768243091,C,C
C19I,-4.364399337474844,C,19,I,False,0.0,-4.364399337474844,C,C
C19K,0.8553086572856043,C,19,K,False,0.0,0.8553086572856043,C,C
C19L,-8.775039958876958,C,19,L,False,0.0,-8.775039958876958,C,C
C19M,0.015021221280192787,C,19,M,False,0.0,0.015021221280192787,C,C
C19N,-6.373360447525901,C,19,N,False,0.0,-6.373360447525901,C,C
C19P,-8.389770130178853,C,19,P,False,0.0,-8.389770130178853,C,C
C19Q,-1.8260978089712783,C,19,Q,False,0.0,-1.8260978089712783,C,C
C19R,-5.180351473584158,C,19,R,False,0.0,-5.180351473584158,C,C
C19S,-3.6316099791161465,C,19,S,False,0.0,-3.6316099791161465,C,C
C19T,-4.520952420795171,C,19,T,False,0.0,-4.520952420795171,C,C
C19V,-11.776608503277942,C,19,V,False,0.0,-11.776608503277942,C,C
C19W,-9.660516979454673,C,19,W,False,0.0,-9.660516979454673,C,C
C19Y,0.9910510858494967,C,19,Y,False,0.0,0.9910510858494967,C,C
C19*,-15.0,C,19,*,False,0.0,-15.0,C,C
N20A,-0.4347341354626994,N,20,A,False,0.0,-0.4347341354626994,N,N
N20C,-1.5110989685875815,N,20,C,False,0.0,-1.5110989685875815,N,N
N20D,-3.0858396782132864,N,20,D,False,0.0,-3.0858396782132864,N,N
N20E,-5.480082840526461,N,20,E,False,0.0,-5.480082840526461,N,N
N20F,-7.57271965587549,N,20,F,False,0.0,-7.57271965587549,N,N
N20G,-1.474867064022541,N,20,G,False,0.0,-1.474867064022541,N,N
N20H,-2.1099077734203506,N,20,H,False,0.0,-2.1099077734203506,N,N
N20I,-1.60527478748266,N,20,I,False,0.0,-1.60527478748266,N,N
N20K,-10.352898307592877,N,20,K,False,0.0,-10.352898307592877,N,N
N20L,-2.5193468443610536,N,20,L,False,0.0,-2.5193468443610536,N,N
N20M,-0.31699533630496113,N,20,M,False,0.0,-0.31699533630496113,N,N
N20P,-0.3959614284718188,N,20,P,False,0.0,-0.3959614284718188,N,N
N20Q,-10.249883280713577,N,20,Q,False,0.0,-10.249883280713577,N,N
N20R,-4.482096610178379,N,20,R,False,0.0,-4.482096610178379,N,N
N20S,-14.00721917836503,N,20,S,False,0.0,-14.00721917836503,N,N
N20T,-3.848230358405036,N,20,T,False,0.0,-3.848230358405036,N,N
N20V,-6.489075229694654,N,20,V,False,0.0,-6.489075229694654,N,N
N20W,-3.3482442722117733,N,20,W,False,0.0,-3.3482442722117733,N,N
N20Y,-18.664014267225298,N,20,Y,False,0.0,-18.664014267225298,N,N
N20*,-15.0,N,20,*,False,0.0,-15.0,N,N
N21A,-3.1336516289362493,N,21,A,False,0.0,-3.1336516289362493,N,N
N21C,-4.976813544490004,N,21,C,False,0.0,-4.976813544490004,N,N
N21D,-12.412403998480027,N,21,D,False,0.0,-12.412403998480027,N,N
N21E,0.586412265906336,N,21,E,False,0.0,0.586412265906336,N,N
N21F,-3.9592677353031682,N,21,F,False,0.0,-3.9592677353031682,N,N
N21G,-12.03488199993022,N,21,G,False,0.0,-12.03488199993022,N,N
N21H,-9.104731362354793,N,21,H,False,0.0,-9.104731362354793,N,N
N21I,2.422201240674779,N,21,I,False,0.0,2.422201240674779,N,N
N21K,0.05410071348321943,N,21,K,False,0.0,0.05410071348321943,N,N
N21L,-14.214676927848988,N,21,L,False,0.0,-14.214676927848988,N,N
N21M,-3.380739742512625,N,21,M,False,0.0,-3.380739742512625,N,N
N21P,0.597371657599062,N,21,P,False,0.0,0.597371657599062,N,N
N21Q,-0.6379383321278403,N,21,Q,False,0.0,-0.6379383321278403,N,N
N21R,-6.634787119470098,N,21,R,False,0.0,-6.634787119470098,N,N
N21S,-7.984379243810186,N,21,S,False,0.0,-7.984379243810186,N,N
N21T,1.4371486923986334,N,21,T,False,0.0,1.4371486923986334,N,N
N21V,-10.50194609272415,N,21,V,False,0.0,-10.50194609272415,N,N
N21W,-7.616653545696498,N,21,W,False,0.0,-7.616653545696498,N,N
N21Y,-2.1921293392825234,N,21,Y,False,0.0,-2.1921293392825234,N,N
N21*,-15.0,N,21,*,False,0.0,-15.0,N,N
D22A,0.038086151918842126,D,22,A,False,0.0,0.038086151918842126,D,D
D22C,-10.796198474638054,D,22,C,False,0.0,-10.796198474638054,D,D
D22E,-8.840743372456005,D,22,E,False,0.0,-8.840743372456005,D,D
D22F,-1.0236699497545318,D,22,F,False,0.0,-1.0236699497545318,D,D
D22G,-8.900501897660353,D,22,G,False,0.0,-8.900501897660353,D,D
D22H,-1.3502041327332788,D,22,H,False,0.0,-1.3502041327332788,D,D
D22I,-1.139017001384485,D,22,I,False,0.0,-1.139017001384485,D,D
D22K,-1.8481013958838908,D,22,K,False,0.0,-1.8481013958838908,D,D
D22L,-16.259334454838452,D,22,L,False,0.0,-16.259334454838452,D,D
D22M,-7.00975399019457,D,22,M,False,0.0,-7.00975399019457,D,D
D22N,-3.217163366588152,D,22,N,False,0.0,-3.217163366588152,D,D
D22P,-7.29973949384567,D,22,P,False,0.0,-7.29973949384567,D,D
D22Q,-4.555099802206682,D,22,Q,False,0.0,-4.555099802206682,D,D
D22R,-4.887695725518268,D,22,R,False,0.0,-4.887695725518268,D,D
D22S,-2.584911789065817,D,22,S,False,0.0,-2.584911789065817,D,D
D22T,1.4570069401288246,D,22,T,False,0.0,1.4570069401288246,D,D
D22V,-14.931272898872246,D,22,V,False,0.0,-14.931272898872246,D,D
D22W,-8.026381846484968,D,22,W,False,0.0,-8.026381846484968,D,D
D22Y,-9.429218259349206,D,22,Y,False,0.0,-9.429218259349206,D,D
D22*,-15.0,D,22,*,False,0.0,-15.0,D,D
L23A,0.2561884166599533,L,23,A,False,0.0,0.2561884166599533,L,R
L23C,-10.193285878903408,L,23,C,False,0.0,-10.193285878903408,L,R
L23D,-10.798462605675937,L,23,D,False,0.0,-10.798462605675937,L,R
L23E,-7.841328503950254,L,23,E,False,0.0,-7.841328503950254,L,R
L23F,-10.636998433713444,L,23,F,False,0.0,-10.636998433713444,L,R
L23G,-4.995197213578864,L,23,G,False,0.0,-4.995197213578864,L,R
L23H,-12.057646008119871,L,23,H,False,0.0,-12.057646008119871,L,R
L23I,-3.807721993084516,L,23,I,False,0.0,-3.807721993084516,L,R
L23K,-9.738434065177323,L,23,K,False,0.0,-9.738434065177323,L,R
L23M,-9.711949584276631,L,23,M,False,0.0,-9.711949584276631,L,R
L23N,-10.743541994055217,L,23,N,False,0.0,-10.743541994055217,L,R
L23P,-3.925294673091282,L,23,P,False,0.0,-3.925294673091282,L,R
L23Q,-11.074192063315884,L,23,Q,False,0.0,-11.074192063315884,L,R
L23R,1.3380616421568472,L,23,R,False,0.0,1.3380616421568472,L,R
L23S,-1.8103219698370643,L,23,S,False,0.0,-1.8103219698370643,L,R
L23T,-11.353811477880448,L,23,T,False,0.0,-11.353811477880448,L,R
L23V,-0.6590478587957733,L,23,V,False,0.0,-0.6590478587957733,L,R
L23W,-7.481904205176157,L,23,W,False,0.0,-7.481904205176157,L,R
L23Y,-10.223426708974596,L,23,Y,False,0.0,-10.223426708974596,L,R
L23*,-15.0,L,23,*,False,0.0,-15.0,L,R
P24A,-8.525305407187272,P,24,A,False,0.0,-8.525305407187272,P,P
P24C,-2.8545667572580804,P,24,C,False,0.0,-2.8545667572580804,P,P
P24D,-10.162317693953202,P,24,D,False,0.0,-10.162317693953202,P,P
P24E,-3.2680839071115306,P,24,E,False,0.0,-3.2680839071115306,P,P
P24F,-0.2864120510828304,P,24,F,False,0.0,-0.2864120510828304,P,P
P24G,-10.097099184604666,P,24,G,False,0.0,-10.097099184604666,P,P
P24H,-3.3714914794254933,P,24,H,False,0.0,-3.3714914794254933,P,P
P24I,-0.032926456611581445,P,24,I,False,0.0,-0.032926456611581445,P,P
P24K,-1.8524043396451808,P,24,K,False,0.0,-1.8524043396451808,P,P
P24L,-13.417342604807885,P,24,L,False,0.0,-13.417342604807885,P,P
P24M,-2.480294769098121,P,24,M,False,0.0,-2.480294769098121,P,P
P24N,-0.32990504985196456,P,24,N,False,0.0,-0.32990504985196456,P,P
P24Q,-6.89949577679058,P,24,Q,False,0.0,-6.89949577679058,P,P
P24R,-4.0296288988260915,P,24,R,False,0.0,-4.0296288988260915,P,P
P24S,-6.008998497714084,P,24,S,False,0.0,-6.008998497714084,P,P
P24T,0.017476219067117604,P,24,T,False,0.0,0.017476219067117604,P,P
P24V,-8.311828588712887,P,24,V,False,0.0,-8.311828588712887,P,P
P24W,-6.185124314650267,P,24,W,False,0.0,-6.185124314650267,P,P
P24Y,1.3350730147509913,P,24,Y,False,0.0,1.3350730147509913,P,P
P24*,-15.0,P,24,*,False,0.0,-15.0,P,P
I25A,0.23851203567244306,I,25,A,False,0.0,0.23851203567244306,I,I
I25C,-10.97180175142942,I,25,C,False,0.0,-10.97180175142942,I,I
I25D,-7.760652387958727,I,25,D,False,0.0,-7.760652387958727,I,I
I25E,-2.9275083205814783,I,25,E,False,0.0,-2.9275083205814783,I,I
I25F,1.6855207345239889,I,25,F,False,0.0,1.6855207345239889,I,I
I25G,-4.189995696731888,I,25,G,False,0.0,-4.189995696731888,I,I
I25H,0.2024737854620512,I,25,H,False,0.0,0.2024737854620512,I,I
I25K,-2.9234109678268148,I,25,K,False,0.0,-2.9234109678268148,I,I
I25L,-6.480825421071441,I,25,L,False,0.0,-6.480825421071441,I,I
I25M,-0.0429625682347794,I,25,M,False,0.0,-0.0429625682347794,I,I
I25N,-5.117634755914114,I,25,N,False,0.0,-5.117634755914114,I,I
I25P,-3.9656261247897784,I,25,P,False,0.0,-3.9656261247897784,I,I
I25Q,-0.27486265651104835,I,25,Q,False,0.0,-0.27486265651104835,I,I
I25R,-4.895979957352144,I,25,R,False,0.0,-4.895979957352144,I,I
I25S,-4.307405792020317,I,25,S,False,0.0,-4.307405792020317,I,I
I25T,-11.01850190222669,I,25,T,False,0.0,-11.01850190222669,I,I
I25V,-0.11782568709493557,I,25,V,False,0.0,-0.11782568709493557,I,I
I25W,1.5661200377745808,I,25,W,False,0.0,1.5661200377745808,I,I
I25Y,-0.5211205805057473,I,25,Y,False,0.0,-0.5211205805057473,I,I
I25*,-15.0,I,25,*,False,0.0,-15.0,I,I
R26A,-1.6771976753310696,R,26,A,False,0.0,-1.6771976753310696,R,R
R26C,-0.5874524031738522,R,26,C,False,0.0,-0.5874524031738522,R,R
R26D,-7.432664970651422,R,26,D,False,0.0,-7.432664970651422,R,R
R26E,-2.2305963891578076,R,26,E,False,0.0,-2.2305963891578076,R,R
R26F,-1.4323629677531806,R,26,F,False,0.0,-1.4323629677531806,R,R
R26G,-4.1572354064356905,R,26,G,False,0.0,-4.1572354064356905,R,R
R26H,-1.3464522893281279,R,26,H,False,0.0,-1.3464522893281279,R,R
R26I,-5.777860597768167,R,26,I,False,0.0,-5.777860597768167,R,R
R26K,-0.8338360100181976,R,26,K,False,0.0,-0.8338360100181976,R,R
R26L,-1.3310325117252582,R,26,L,False,0.0,-1.3310325117252582,R,R
R26M,-4.124439125311683,R,26,M,False,0.0,-4.124439125311683,R,R
R26N,-7.186834330339452,R,26,N,False,0.0,-7.186834330339452,R,R
R26P,-6.199268480817547,R,26,P,False,0.0,-6.199268480817547,R,R
R26Q,-1.3740161910410302,R,26,Q,False,0.0,-1.3740161910410302,R,R
R26S,-6.096381302130995,R,26,S,False,0.0,-6.096381302130995,R,R
R26T,-6.682977716959089,R,26,T,False,0.0,-6.682977716959089,R,R
R26V,-0.2985001135794306,R,26,V,False,0.0,-0.2985001135794306,R,R
R26W,-5.5698422421335705,R,26,W,False,0.0,-5.5698422421335705,R,R
R26Y,-4.924773530720744,R,26,Y,False,0.0,-4.924773530720744,R,R
R26*,-15.0,R,26,*,False,0.0,-15.0,R,R
N27A,-5.312434452860813,N,27,A,False,0.0,-5.312434452860813,N,N
N27C,-11.74638757509397,N,27,C,False,0.0,-11.74638757509397,N,N
N27D,-0.3799117163049117,N,27,D,False,0.0,-0.3799117163049117,N,N
N27E,-0.8706714700282184,N,27,E,False,0.0,-0.8706714700282184,N,N
N27F,-0.4215926366433841,N,27,F,False,0.0,-0.4215926366433841,N,N
N27G,-11.09726723331597,N,27,G,False,0.0,-11.09726723331597,N,N
N27H,-2.385718939671862,N,27,H,False,0.0,-2.385718939671862,N,N
N27I,-1.3119014437865357,N,27,I,False,0.0,-1.3119014437865357,N,N
N27K,-7.252489848986058,N,27,K,False,0.0,-7.252489848986058,N,N
N27L,-9.298080575928061,N,27,L,False,0.0,-9.298080575928061,N,N
N27M,1.4278025761413484,N,27,M,False,0.0,1.4278025761413484,N,N
N27P,-6.452867567545179,N,27,P,False,0.0,-6.452867567545179,N,N
N27Q,-6.961510363765078,N,27,Q,False,0.0,-6.961510363765078,N,N
N27R,-8.8987576321261,N,27,R,False,0.0,-8.8987576321261,N,N
N27S,-8.777811358321147,N,27,S,False,0.0,-8.777811358321147,N,N
N27T,-2.2386969919057362,N,27,T,False,0.0,-2.2386969919057362,N,N
N27V,-3.4041162076594835,N,27,V,False,0.0,-3.4041162076594835,N,N
N27W,-3.4165586330868454,N,27,W,False,0.0,-3.4165586330868454,N,N
N27Y,-4.388726784427215,N,27,Y,False,0.0,-4.388726784427215,N,N
N27*,-15.0,N,27,*,False,0.0,-15.0,N,N
I28A,-8.954589200900816,I,28,A,False,0.0,-8.954589200900816,I,I
I28C,-1.3068674469996273,I,28,C,False,0.0,-1.3068674469996273,I,I
I28D,-2.7022942511131713,I,28,D,False,0.0,-2.7022942511131713,I,I
I28E,-0.16803245043674497,I,28,E,False,0.0,-0.16803245043674497,I,I
I28F,-2.705802648149535,I,28,F,False,0.0,-2.705802648149535,I,I
I28G,-6.599698537328241,I,28,G,False,0.0,-6.599698537328241,I,I
I28H,0.6435188221573505,I,28,H,False,0.0,0.6435188221573505,I,I
I28K,-2.1243460395106024,I,28,K,False,0.0,-2.1243460395106024,I,I
I28L,-5.612504099394175,I,28,L,False,0.0,-5.612504099394175,I,I
I28M,-11.024443092816691,I,28,M,False,0.0,-11.024443092816691,I,I
I28N,-0.11302188194350471,I,28,N,False,0.0,-0.11302188194350471,I,I
I28P,0.7938465592391672,I,28,P,False,0.0,0.7938465592391672,I,I
I28Q,1.0236811712267766,I,28,Q,False,0.0,1.0236811712267766,I,I
I28R,-1.2838425831212552,I,28,R,False,0.0,-1.2838425831212552,I,I
I28S,-10.126590852630137,I,28,S,False,0.0,-10.126590852630137,I,I
I28T,-6.535356294077437,I,28,T,False,0.0,-6.535356294077437,I,I
I28V,-4.272783116825382,I,28,V,False,0.0,-4.272783116825382,I,I
I28W,-1.313935178135086,I,28,W,False,0.0,-1.313935178135086,I,I
I28Y,-3.583666888283982,I,28,Y,False,0.0,-3.583666888283982,I,I
I28*,-15.0,I,28,*,False,0.0,-15.0,I,I
R29A,-1.8004798973401221,R,29,A,True,-3.5034327314158555,-5.3039126287559775,R,R
R29C,-11.14552720029681,R,29,C,True,-1.7509176745652595,-12.89644487486207,R,R
R29D,-8.611228433928822,R,29,D,True,0.6864871073794794,-7.924741326549343,R,R
R29E,0.9327067251089665,R,29,E,True,3.3569484176044044,4.289655142713371,R,R
R29F,-8.38137436187306,R,29,F,True,-2.221888802214014,-10.603263164087075,R,R
R29G,-0.30354799148804673,R,29,G,True,-0.025417976591538792,-0.3289659680795855,R,R
R29H,-2.2156839999173155,R,29,H,True,2.176100315277863,-0.03958368463945261,R,R
R29I,-4.209039208699415,R,29,I,True,0.9103054787127794,-3.2987337299866355,R,R
R29K,-1.9823241209820959,R,29,K,True,-0.563431266117855,-2.545755387099951,R,R
R29L,-1.158822178490784,R,29,L,True,-2.1328868236476692,-3.291709002138453,R,R
R29M,2.6707042316175498,R,29,M,True,-2.6717269470105305,-0.001022715392980711,R,R
R29N,-9.029161329926271,R,29,N,True,-1.1218586809696212,-10.151020010895893,R,R
R29P,-0.28971909361406756,R,29,P,True,-0.5526142964776413,-0.8423333900917088,R,R
R29Q,-0.12771230768854036,R,29,Q,True,-3.373677192665218,-3.501389500353758,R,R
R29S,-3.338483204903722,R,29,S,True,-2.540512561263284,-5.878995766167006,R,R
R29T,-6.829690457611983,R,29,T,True,0.4554726979623596,-6.374217759649624,R,R
R29V,-6.922317471282735,R,29,V,True,-0.6134885070566646,-7.5358059783394,R,R
R29W,-6.804265853268379,R,29,W,True,-1.132245885616878,-7.936511738885256,R,R
R29Y,-1.0387844812806517,R,29,Y,True,-0.611278747803274,-1.6500632290839257,R,R
R29*,-15.0,R,29,*,True,0.0,-15.0,R,R
L30A,0.10073551942150538,L,30,A,True,-1.2189371416594565,-1.1182016222379512,L,T
L30C,-0.7474244270786516,L,30,C,True,1.3912743118754576,0.6438498847968059,L,T
L30D,-4.454227147223789,L,30,D,True,2.4599310993281396,-1.9942960478956495,L,T
L30E,-8.315302564070219,L,30,E,True,3.110423292985139,-5.20487927108508,L,T
L30F,-3.6145429133778606,L,30,F,True,1.0646967896907162,-2.5498461236871446,L,T
L30G,-5.947802105799141,L,30,G,True,1.1207288883145463,-4.827073217484595,L,T
L30H,-5.037776113001439,L,30,H,True,2.1946432195100365,-2.843132893491403,L,T
L30I,-8.268925187528282,L,30,I,True,2.6076732213565195,-5.661251966171763,L,T
L30K,-2.5905641045814276,L,30,K,True,2.197807326649711,-0.3927567779317167,L,T
L30M,-7.590418176065339,L,30,M,True,1.8184251083165193,-5.77199306774882,L,T
L30N,-0.17817465699496338,L,30,N,True,-0.9519787494249208,-1.1301534064198842,L,T
L30P,-4.062043352578296,L,30,P,True,-2.3995477558323604,-6.461591108410657,L,T
L30Q,-1.7898105063066407,L,30,Q,True,1.3157292182801146,-0.47408128802652616,L,T
L30R,-10.945318071172235,L,30,R,True,-0.14074867299906457,-11.0860667441713,L,T
L30S,-7.041689413427852,L,30,S,True,-0.08350655203187082,-7.125195965459723,L,T
L30T,-0.1590662287894513,L,30,T,True,-1.334131101167455,-1.4931973299569063,L,T
L30V,-0.6980535290360672,L,30,V,True,-1.951427177543314,-2.6494807065793813,L,T
L30W,-15.538404406972885,L,30,W,True,2.10324993056377,-13.435154476409116,L,T
L30Y,-3.1997819558666807,L,30,Y,True,0.6976514905705428,-2.502130465296138,L,T
L30*,-15.0,L,30,*,True,0.0,-15.0,L,T
M31A,-5.375765017342997,M,31,A,False,0.0,-5.375765017342997,M,M
M31C,-1.2602638925212504,M,31,C,False,0.0,-1.2602638925212504,M,M
M31D,-4.343349165247772,M,31,D,False,0.0,-4.343349165247772,M,M
M31E,-3.7302284346122776,M,31,E,False,0.0,-3.7302284346122776,M,M
M31F,-5.849618425203396,M,31,F,False,0.0,-5.849618425203396,M,M
M31G,1.8913577640367294,M,31,G,False,0.0,1.8913577640367294,M,M
M31H,-3.4774729885354327,M,31,H,False,0.0,-3.4774729885354327,M,M
M31I,-1.830694140145454,M,31,I,False,0.0,-1.830694140145454,M,M
M31K,-7.897123965887007,M,31,K,False,0.0,-7.897123965887007,M,M
M31L,-13.132516785178948,M,31,L,False,0.0,-13.132516785178948,M,M
M31N,-12.834483107477512,M,31,N,False,0.0,-12.834483107477512,M,M
M31P,-9.928939635981564,M,31,P,False,0.0,-9.928939635981564,M,M
M31Q,-0.905940268849396,M,31,Q,False,0.0,-0.905940268849396,M,M
M31R,0.4504055256462882,M,31,R,False,0.0,0.4504055256462882,M,M
M31S,-13.226266390061816,M,31,S,False,0.0,-13.226266390061816,M,M
M31T,1.231668556644342,M,31,T,False,0.0,1.231668556644342,M,M
M31V,-5.950278228212008,M,31,V,False,0.0,-5.950278228212008,M,M
M31W,0.5485346519349765,M,31,W,False,0.0,0.5485346519349765,M,M
M31Y,-9.390353122276066,M,31,Y,False,0.0,-9.390353122276066,M,M
M31*,-15.0,M,31,*,False,0.0,-15.0,M,M
M32A,-2.0363972086699804,M,32,A,False,0.0,-2.0363972086699804,M,M
M32C,-3.4267630324292435,M,32,C,False,0.0,-3.4267630324292435,M,M
M32D,0.0001389849251216546,M,32,D,False,0.0,0.0001389849251216546,M,M
M32E,-6.201672682727597,M,32,E,False,0.0,-6.201672682727597,M,M
M32F,-1.0196587812323776,M,32,F,False,0.0,-1.0196587812323776,M,M
M32G,-6.486298199588411,M,32,G,False,0.0,-6.486298199588411,M,M
M32H,-3.5990922245831003,M,32,H,False,0.0,-3.5990922245831003,M,M
M32I,-1.1310932704832193,M,32,I,False,0.0,-1.1310932704832193,M,M
M32K,-9.758331155727298,M,32,K,False,0.0,-9.758331155727298,M,M
M32L,-0.3174531371803715,M,32,L,False,0.0,-0.3174531371803715,M,M
M32N,-10.537905495607433,M,32,N,False,0.0,-10.537905495607433,M,M
M32P,-7.632941151412873,M,32,P,False,0.0,-7.632941151412873,M,M
M32Q,-0.8519466525359523,M,32,Q,False,0.0,-0.8519466525359523,M,M
M32R,-10.40572658552155,M,32,R,False,0.0,-10.40572658552155,M,M
M32S,-11.818489644650885,M,32,S,False,0.0,-11.818489644650885,M,M
M32T,-2.9798056117226848,M,32,T,False,0.0,-2.9798056117226848,M,M
M32V,-9.659980933160163,M,32,V,False,0.0,-9.659980933160163,M,M
M32W,0.31616019194178047,M,32,W,False,0.0,0.31616019194178047,M,M
M32Y,-6.8912400042899,M,32,Y,False,0.0,-6.8912400042899,M,M
M32*,-15.0,M,32,*,False,0.0,-15.0,M,M
I33A,-6.095543636601959,I,33,A,False,0.0,-6.095543636601959,I,I
I33C,-3.808185411640248,I,33,C,False,0.0,-3.808185411640248,I,I
I33D,-0.7095105593754739,I,33,D,False,0.0,-0.7095105593754739,I,I
I33E,-6.331485788799425,I,33,E,False,0.0,-6.331485788799425,I,I
I33F,-5.664140905898756,I,33,F,False,0.0,-5.664140905898756,I,I
I33G,-7.984611953781328,I,33,G,False,0.0,-7.984611953781328,I,I
I33H,-8.981042526423224,I,33,H,False,0.0,-8.981042526423224,I,I
I33K,-1.990587416852358,I,33,K,False,0.0,-1.990587416852358,I,I
I33L,-2.4306294657743592,I,33,L,False,0.0,-2.4306294657743592,I,I
I33M,-10.162362969104985,I,33,M,False,0.0,-10.162362969104985,I,I
I33N,-0.8848092826650509,I,33,N,False,0.0,-0.8848092826650509,I,I
I33P,0.3947481324069477,I,33,P,False,0.0,0.3947481324069477,I,I
I33Q,-1.8150733611156145,I,33,Q,False,0.0,-1.8150733611156145,I,I
I33R,-2.6704025879486526,I,33,R,False,0.0,-2.6704025879486526,I,I
I33S,1.7364045465805447,I,33,S,False,0.0,1.7364045465805447,I,I
I33T,-6.969459996499324,I,33,T,False,0.0,-6.969459996499324,I,I
I33V,-8.055633070128616,I,33,V,False,0.0,-8.055633070128616,I,I
I33W,-1.7378650241074682,I,33,W,False,0.0,-1.7378650241074682,I,I
I33Y,1.0865552259643823,I,33,Y,False,0.0,1.0865552259643823,I,I
I33*,-15.0,I,33,*,False,0.0,-15.0,I,I
L34A,1.2456793771997894,L,34,A,False,0.0,1.2456793771997894,L,E
L34C,-1.6634433107638473,L,34,C,False,0.0,-1.6634433107638473,L,E
L34D,-0.6508351244002318,L,34,D,False,0.0,-0.6508351244002318,L,E
L34E,1.6912201581013042,L,34,E,False,0.0,1.6912201581013042,L,E
L34F,-3.7233560257252623,L,34,F,False,0.0,-3.7233560257252623,L,E
L34G,-8.577924235328696,L,34,G,False,0.0,-8.577924235328696,L,E
L34H,-1.1622531476618025,L,34,H,False,0.0,-1.1622531476618025,L,E
L34I,-4.088858133544646,L,34,I,False,0.0,-4.088858133544646,L,E
L34K,-0.35886093851067835,L,34,K,False,0.0,-0.35886093851067835,L,E
L34M,-9.630390646086603,L,34,M,False,0.0,-9.630390646086603,L,E
L34N,-2.4164651227101333,L,34,N,False,0.0,-2.4164651227101333,L,E
L34P,-15.420438685676785,L,34,P,False,0.0,-15.420438685676785,L,E
L34Q,-15.290453664150142,L,34,Q,False,0.0,-15.290453664150142,L,E
L34R,-3.4792148639084592,L,34,R,False,0.0,-3.4792148639084592,L,E
L34S,-4.468857336112765,L,34,S,False,0.0,-4.468857336112765,L,E
L34T,-1.2676241440762248,L,34,T,False,0.0,-1.2676241440762248,L,E
L34V,-8.31202556585959,L,34,V,False,0.0,-8.31202556585959,L,E
L34W,-8.98941330209331,L,34,W,False,0.0,-8.98941330209331,L,E
L34Y,-0.5912535217776647,L,34,Y,False,0.0,-0.5912535217776647,L,E
L34*,-15.0,L,34,*,False,0.0,-15.0,L,E
H35A,-1.622518764562713,H,35,A,True,-1.5975489290730098,-3.220067693635723,H,H
H35C,-2.004652220951901,H,35,C,True,0.5856309120673304,-1.4190213088845705,H,H
H35D,-0.9935005101821185,H,35,D,True,0.45840025831249187,-0.5351002518696266,H,H
H35E,-5.222728929771566,H,35,E,True,0.7827742354744963,-4.43995469429707,H,H
H35F,-7.090336920930374,H,35,F,True,3.349906220617349,-3.7404307003130253,H,H
H35G,-6.824150188457812,H,35,G,True,-0.05205315184598776,-6.8762033403038005,H,H
H35I,0.23776725630355866,H,35,I,True,-1.919434773396887,-1.6816675170933284,H,H
H35K,-5.067881534027496,H,35,K,True,0.054813962230879684,-5.013067571796616,H,H
H35L,-6.863522490791404,H,35,L,True,-0.9695348782857081,-7.833057369077112,H,H
H35M,-9.375413989795142,H,35,M,True,0.8228517552848607,-8.552562234510281,H,H
H35N,-0.14384219342895643,H,35,N,True,0.31581368404243354,0.1719714906134771,H,H
H35P,-5.895275165877364,H,35,P,True,0.5197526257139793,-5.375522540163384,H,H
H35Q,-12.953400385193493,H,35,Q,True,-0.8505767524007896,-13.803977137594282,H,H
H35R,-13.084306095057794,H,35,R,True,0.6205182125146742,-12.46378788254312,H,H
H35S,-3.4203687585004845,H,35,S,True,-0.765384084114429,-4.185752842614914,H,H
H35T,-0.1950673880144267,H,35,T,True,0.7758890320743212,0.5808216440598946,H,H
H35V,-2.159861359613158,H,35,V,True,-0.4515076925762209,-2.611369052189379,H,H
H35W,-4.309076041815139,H,35,W,True,-1.6776096469220576,-5.986685688737197,H,H
H35Y,-7.673687922030208,H,35,Y,True,0.7477854354278457,-6.925902486602363,H,H
H35*,-15.0,H,35,*,True,0.0,-15.0,H,H
N36A,-1.010572536853882,N,36,A,False,0.0,-1.010572536853882,N,N
N36C,-8.832683157005885,N,36,C,False,0.0,-8.832683157005885,N,N
N36D,1.6195760959069176,N,36,D,False,0.0,1.6195760959069176,N,N
N36E,-6.618597088873064,N,36,E,False,0.0,-6.618597088873064,N,N
N36F,-0.668310149424333,N,36,F,False,0.0,-0.668310149424333,N,N
N36G,-3.0907163861049574,N,36,G,False,0.0,-3.0907163861049574,N,N
N36H,-7.400231764359914,N,36,H,False,0.0,-7.400231764359914,N,N
N36I,-1.9760214221115007,N,36,I,False,0.0,-1.9760214221115007,N,N
N36K,-14.77013824681162,N,36,K,False,0.0,-14.77013824681162,N,N
N36L,2.154531471535442,N,36,L,False,0.0,2.154531471535442,N,N
N36M,0.6845875869389892,N,36,M,False,0.0,0.6845875869389892,N,N
N36P,-5.595797220163355,N,36,P,False,0.0,-5.595797220163355,N,N
N36Q,-1.3824911094128796,N,36,Q,False,0.0,-1.3824911094128796,N,N
N36R,-3.1848578785140735,N,36,R,False,0.0,-3.1848578785140735,N,N
N36S,-12.67821644562581,N,36,S,False,0.0,-12.67821644562581,N,N
N36T,-2.8834651650670695,N,36,T,False,0.0,-2.8834651650670695,N,N
N36V,-2.8256700878432186,N,36,V,False,0.0,-2.8256700878432186,N,N
N36W,-5.9028335690499985,N,36,W,False,0.0,-5.9028335690499985,N,N
N36Y,-0.18877605021052712,N,36,Y,False,0.0,-0.18877605021052712,N,N
N36*,-15.0,N,36,*,False,0.0,-15.0,N,N
S37A,-8.70972042328975,S,37,A,True,-1.0591408049060116,-9.768861228195762,S,S
S37C,-9.548338881351757,S,37,C,True,2.1658216550642115,-7.382517226287545,S,S
S37D,-12.086800059825809,S,37,D,True,0.6644343912959038,-11.422365668529904,S,S
S37E,-4.588530307910139,S,37,E,True,0.7015578219431494,-3.8869724859669894,S,S
S37F,-2.497641414549422,S,37,F,True,0.15201718521307406,-2.345624229336348,S,S
S37G,-11.50567217475086,S,37,G,True,-0.08902797131672043,-11.59470014606758,S,S
S37H,-6.223402269903434,S,37,H,True,-3.5800466165690654,-9.803448886472498,S,S
S37I,-7.895075212368786,S,37,I,True,1.8332558353171233,-6.061819377051663,S,S
S37K,-8.445809067832975,S,37,K,True,-1.2208680116198327,-9.666677079452809,S,S
S37L,-0.26822726637339783,S,37,L,True,1.4343927860711536,1.1661655196977558,S,S
S37M,0.683303258971101,S,37,M,True,-0.9577658331307528,-0.2744625741596518,S,S
S37N,-13.83315859707222,S,37,N,True,-0.21468962648571654,-14.047848223557937,S,S
S37P,-6.033006960529535,S,37,P,True,-0.33628474885878407,-6.369291709388319,S,S
S37Q,-8.865007864088923,S,37,Q,True,-1.5577428601640397,-10.422750724252964,S,S
S37R,-6.964058415383779,S,37,R,True,-0.25756357265894214,-7.22162198804272,S,S
S37T,-9.815600422100257,S,37,T,True,0.7145192645202186,-9.101081157580039,S,S
S37V,-2.9155841021103797,S,37,V,True,-0.6212673983818545,-3.5368515004922343,S,S
S37W,-4.670639348089175,S,37,W,True,-1.8961250147152433,-6.5667643628044186,S,S
S37Y,-1.0334199939187965,S,37,Y,True,-0.8598233340207425,-1.893243327939539,S,S
S37*,-15.0,S,37,*,True,0.0,-15.0,S,S
D38A,-1.107206681487727,D,38,A,True,0.37472597388183027,-0.7324807076058968,D,D
D38C,-4.710925419660601,D,38,C,True,1.7208031224223745,-2.9901222972382264,D,D
D38E,-8.394475403436402,D,38,E,True,1.2539159351583065,-7.140559468278096,D,D
D38F,-2.088352890815127,D,38,F,True,0.4311054675576438,-1.6572474232574832,D,D
D38G,-0.6825132268645762,D,38,G,True,-1.4933944483697517,-2.1759076752343276,D,D
D38H,-13.471260537062822,D,38,H,True,1.3603342013489033,-12.110926335713918,D,D
D38I,-1.6395694687999869,D,38,I,True,0.03631611657918832,-1.6032533522207986,D,D
D38K,0.3256658849598353,D,38,K,True,-0.3599726020365612,-0.03430671707672589,D,D
D38L,-0.6737587209284734,D,38,L,True,1.365165845860214,0.6914071249317406,D,D
D38M,-4.742993871685835,D,38,M,True,0.9267671262589166,-3.8162267454269183,D,D
D38N,-7.915016743636936,D,38,N,True,0.7494270657979867,-7.165589677838949,D,D
D38P,-15.839837634747466,D,38,P,True,-1.7273163679131505,-17.567154002660615,D,D
D38Q,-6.4887090323116,D,38,Q,True,-0.9157746009557153,-7.404483633267315,D,D
D38R,-2.2402649919730875,D,38,R,True,-2.555828111280035,-4.796093103253122,D,D
D38S,-4.6578518655728285,D,38,S,True,0.291656066699546,-4.3661957988732825,D,D
D38T,-6.319561194020161,D,38,T,True,0.04236187271792638,-6.277199321302235,D,D
D38V,-8.442044606270976,D,38,V,True,1.3988407594754628,-7.043203846795513,D,D
D38W,-5.966787190099664,D,38,W,True,0.3180649781545142,-5.64872221194515,D,D
D38Y,-5.101079426043501,D,38,Y,True,-0.5519168528268513,-5.6529962788703525,D,D
D38*,-15.0,D,38,*,True,0.0,-15.0,D,D
A39C,-1.4419578905893204,A,39,C,False,0.0,-1.4419578905893204,A,A
A39D,-0.9171485963188698,A,39,D,False,0.0,-0.9171485963188698,A,A
A39E,-0.2742338367924808,A,39,E,False,0.0,-0.2742338367924808,A,A
A39F,-11.706969761040192,A,39,F,False,0.0,-11.706969761040192,A,A
A39G,-14.625116356936108,A,39,G,False,0.0,-14.625116356936108,A,A
A39H,-1.2185561901956596,A,39,H,False,0.0,-1.2185561901956596,A,A
A39I,-4.579979047162962,A,39,I,False,0.0,-4.579979047162962,A,A
A39K,-5.911351231148709,A,39,K,False,0.0,-5.911351231148709,A,A
A39L,-7.336575591724874,A,39,L,False,0.0,-7.336575591724874,A,A
A39M,-8.120422457178972,A,39,M,False,0.0,-8.120422457178972,A,A
A39N,-1.5064964531231033,A,39,N,False,0.0,-1.5064964531231033,A,A
A39P,-1.2512522931428673,A,39,P,False,0.0,-1.2512522931428673,A,A
A39Q,-11.75085530264565,A,39,Q,False,0.0,-11.75085530264565,A,A
A39R,-6.576639537176327,A,39,R,False,0.0,-6.576639537176327,A,A
A39S,-9.669932802992218,A,39,S,False,0.0,-9.669932802992218,A,A
A39T,-5.454965982942632,A,39,T,False,0.0,-5.454965982942632,A,A
A39V,-0.9124908726925015,A,39,V,False,0.0,-0.9124908726925015,A,A
A39W,2.0290565848264714,A,39,W,False,0.0,2.0290565848264714,A,A
A39Y,-8.678646578775375,A,39,Y,False,0.0,-8.678646578775375,A,A
A39*,-15.0,A,39,*,False,0.0,-15.0,A,A
S40A,-10.539091039927202,S,40,A,False,0.0,-10.539091039927202,S,K
S40C,2.2132354038928774,S,40,C,False,0.0,2.2132354038928774,S,K
S40D,-6.845194576591983,S,40,D,False,0.0,-6.845194576591983,S,K
S40E,-3.8578359735414574,S,40,E,False,0.0,-3.8578359735414574,S,K
S40F,-8.72576496814989,S,40,F,False,0.0,-8.72576496814989,S,K
S40G,-5.0251650406680035,S,40,G,False,0.0,-5.0251650406680035,S,K
S40H,-9.045961228026133,S,40,H,False,0.0,-9.045961228026133,S,K
S40I,-7.017634703081665,S,40,I,False,0.0,-7.017634703081665,S,K
S40K,-0.41916504006063193,S,40,K,False,0.0,-0.41916504006063193,S,K
S40L,-5.2018293629494625,S,40,L,False,0.0,-5.2018293629494625,S,K
S40M,2.8681242886229033,S,40,M,False,0.0,2.8681242886229033,S,K
S40N,-11.783692019255934,S,40,N,False,0.0,-11.783692019255934,S,K
S40P,1.978073821032367,S,40,P,False,0.0,1.978073821032367,S,K
S40Q,-1.2713438157933696,S,40,Q,False,0.0,-1.2713438157933696,S,K
S40R,-9.633115152221002,S,40,R,False,0.0,-9.633115152221002,S,K
S40T,-7.160856772505343,S,40,T,False,0.0,-7.160856772505343,S,K
S40V,-2.9404356438582235,S,40,V,False,0.0,-2.9404356438582235,S,K
S40W,-7.395270990998181,S,40,W,False,0.0,-7.395270990998181,S,K
S40Y,-2.4941070298855506,S,40,Y,False,0.0,-2.4941070298855506,S,K
S40*,-15.0,S,40,*,False,0.0,-15.0,S,K
F41A,-10.500325194323587,F,41,A,False,0.0,-10.500325194323587,F,F
F41C,-1.2452608447760953,F,41,C,False,0.0,-1.2452608447760953,F,F
F41D,1.122155185285959,F,41,D,False,0.0,1.122155185285959,F,F
F41E,-0.7643785429353309,F,41,E,False,0.0,-0.7643785429353309,F,F
F41G,-0.47182043051100087,F,41,G,False,0.0,-0.47182043051100087,F,F
F41H,-2.9596600688271915,F,41,H,False,0.0,-2.9596600688271915,F,F
F41I,-13.455841540309692,F,41,I,False,0.0,-13.455841540309692,F,F
F41K,0.1629211427138626,F,41,K,False,0.0,0.1629211427138626,F,F
F41L,-6.727465343222581,F,41,L,False,0.0,-6.727465343222581,F,F
F41M,-7.643353204221183,F,41,M,False,0.0,-7.643353204221183,F,F
F41N,-11.975282368267978,F,41,N,False,0.0,-11.975282368267978,F,F
F41P,-2.9992823250020084,F,41,P,False,0.0,-2.9992823250020084,F,F
F41Q,-0.3869392014858022,F,41,Q,False,0.0,-0.3869392014858022,F,F
F41R,-0.5407443055922693,F,41,R,False,0.0,-0.5407443055922693,F,F
F41S,0.8362237636878929,F,41,S,False,0.0,0.8362237636878929,F,F
F41T,-15.593202082163913,F,41,T,False,0.0,-15.593202082163913,F,F
F41V,-9.107731343141237,F,41,V,False,0.0,-9.107731343141237,F,F
F41W,-5.408180609464173,F,41,W,False,0.0,-5.408180609464173,F,F
F41Y,-7.393959925890362,F,41,Y,False,0.0,-7.393959925890362,F,F
F41*,-15.0,F,41,*,False,0.0,-15.0,F,F
S42A,0.7457266788229795,S,42,A,False,0.0,0.7457266788229795,S,H
S42C,-0.5823946396751606,S,42,C,False,0.0,-0.5823946396751606,S,H
S42D,-0.8313077286664416,S,42,D,False,0.0,-0.8313077286664416,S,H
S42E,-0.2777870426318719,S,42,E,False,0.0,-0.2777870426318719,S,H
S42F,-11.439654056298444,S,42,F,False,0.0,-11.439654056298444,S,H
S42G,-3.4486532290922294,S,42,G,False,0.0,-3.4486532290922294,S,H
S42H,-1.988212597764942,S,42,H,False,0.0,-1.988212597764942,S,H
S42I,-1.3403290576957747,S,42,I,False,0.0,-1.3403290576957747,S,H
S42K,-0.303567966260186,S,42,K,False,0.0,-0.303567966260186,S,H
S42L,3.157148906199131,S,42,L,False,0.0,3.157148906199131,S,H
S42M,-7.942672689216868,S,42,M,False,0.0,-7.942672689216868,S,H
S42N,-8.142608453600717,S,42,N,False,0.0,-8.142608453600717,S,H
S42P,-6.304837297875181,S,42,P,False,0.0,-6.304837297875181,S,H
S42Q,-3.405542516110999,S,42,Q,False,0.0,-3.405542516110999,S,H
S42R,-8.292199976283616,S,42,R,False,0.0,-8.292199976283616,S,H
S42T,-3.938989246235857,S,42,T,False,0.0,-3.938989246235857,S,H
S42V,-14.138060775067157,S,42,V,False,0.0,-14.138060775067157,S,H
S42W,0.6565576531901753,S,42,W,False,0.0,0.6565576531901753,S,H
S42Y,-1.8275570023620733,S,42,Y,False,0.0,-1.8275570023620733,S,H
S42*,-15.0,S,42,*,False,0.0,-15.0,S,H
T43A,-0.456804884250956,T,43,A,False,0.0,-0.456804884250956,T,T
T43C,-3.9480059878567317,T,43,C,False,0.0,-3.9480059878567317,T,T
T43D,-0.7014714697268722,T,43,D,False,0.0,-0.7014714697268722,T,T
T43E,0.5626139608557399,T,43,E,False,0.0,0.5626139608557399,T,T
T43F,-7.746758143732782,T,43,F,False,0.0,-7.746758143732782,T,T
T43G,-1.0594600505534584,T,43,G,False,0.0,-1.0594600505534584,T,T
T43H,0.645958795540454,T,43,H,False,0.0,0.645958795540454,T,T
T43I,-7.632969163412452,T,43,I,False,0.0,-7.632969163412452,T,T
T43K,0.5004516144328186,T,43,K,False,0.0,0.5004516144328186,T,T
T43L,2.676197050645044,T,43,L,False,0.0,2.676197050645044,T,T
T43M,-10.122784837705145,T,43,M,False,0.0,-10.122784837705145,T,T
T43N,-7.5821884496544,T,43,N,False,0.0,-7.5821884496544,T,T
T43P,-6.615089022671133,T,43,P,False,0.0,-6.615089022671133,T,T
T43Q,-4.059095284299479,T,43,Q,False,0.0,-4.059095284299479,T,T
T43R,-11.068157660896667,T,43,R,False,0.0,-11.068157660896667,T,T
T43S,-2.6129694113203437,T,43,S,False,0.0,-2.6129694113203437,T,T
T43V,-7.810583556106698,T,43,V,False,0.0,-7.810583556106698,T,T
T43W,-6.771814900353985,T,43,W,False,0.0,-6.771814900353985,T,T
T43Y,-4.056110540391918,T,43,Y,False,0.0,-4.056110540391918,T,T
T43*,-15.0,T,43,*,False,0.0,-15.0,T,T
P44A,-0.42740714359406784,P,44,A,False,0.0,-0.42740714359406784,P,P
P44C,-7.401930234141121,P,44,C,False,0.0,-7.401930234141121,P,P
P44D,0.08258805521498402,P,44,D,False,0.0,0.08258805521498402,P,P
P44E,-9.174788498956772,P,44,E,False,0.0,-9.174788498956772,P,P
P44F,-2.7753536939307804,P,44,F,False,0.0,-2.7753536939307804,P,P
P44G,-8.796626854802385,P,44,G,False,0.0,-8.796626854802385,P,P
P44H,-11.98353043896504,P,44,H,False,0.0,-11.98353043896504,P,P
P44I,-2.496549350336622,P,44,I,False,0.0,-2.496549350336622,P,P
P44K,-8.081854903293088,P,44,K,False,0.0,-8.081854903293088,P,P
P44L,-5.338952932023212,P,44,L,False,0.0,-5.338952932023212,P,P
P44M,-11.992276478934762,P,44,M,False,0.0,-11.992276478934762,P,P
P44N,-1.5821542159185689,P,44,N,False,0.0,-1.5821542159185689,P,P
P44Q,-8.535296346695743,P,44,Q,False,0.0,-8.535296346695743,P,P
P44R,-3.0644887078229557,P,44,R,False,0.0,-3.0644887078229557,P,P
P44S,-8.187087522290696,P,44,S,False,0.0,-8.187087522290696,P,P
P44T,-5.370459625977151,P,44,T,False,0.0,-5.370459625977151,P,P
P44V,-1.4194652660123084,P,44,V,False,0.0,-1.4194652660123084,P,P
P44W,-8.948130719254587,P,44,W,False,0.0,-8.948130719254587,P,P
P44Y,-4.078977206729352,P,44,Y,False,0.0,-4.078977206729352,P,P
P44*,-15.0,P,44,*,False,0.0,-15.0,P,P
V45A,-4.992438987786809,V,45,A,False,0.0,-4.992438987786809,V,Y
V45C,-9.356098524988983,V,45,C,False,0.0,-9.356098524988983,V,Y
V45D,-8.835408933867127,V,45,D,False,0.0,-8.835408933867127,V,Y
V45E,-11.256425355421005,V,45,E,False,0.0,-11.256425355421005,V,Y
V45F,-0.9005688012964965,V,45,F,False,0.0,-0.9005688012964965,V,Y
V45G,-0.3712758191619173,V,45,G,False,0.0,-0.3712758191619173,V,Y
V45H,-1.4797513191834497,V,45,H,False,0.0,-1.4797513191834497,V,Y
V45I,-2.1564676756874217,V,45,I,False,0.0,-2.1564676756874217,V,Y
V45K,0.42302874053345163,V,45,K,False,0.0,0.42302874053345163,V,Y
V45L,-0.3244424351313333,V,45,L,False,0.0,-0.3244424351313333,V,Y
V45M,-5.95960259747692,V,45,M,False,0.0,-5.95960259747692,V,Y
V45N,-3.735662482717056,V,45,N,False,0.0,-3.735662482717056,V,Y
V45P,-4.994774290784612,V,45,P,False,0.0,-4.994774290784612,V,Y
V45Q,-2.6381850348875124,V,45,Q,False,0.0,-2.6381850348875124,V,Y
V45R,-2.033810985307782,V,45,R,False,0.0,-2.033810985307782,V,Y
V45S,-8.219161321386498,V,45,S,False,0.0,-8.219161321386498,V,Y
V45T,-1.215050548261053,V,45,T,False,0.0,-1.215050548261053,V,Y
V45W,-2.015556399215787,V,45,W,False,0.0,-2.015556399215787,V,Y
V45Y,-0.6511299597709712,V,45,Y,False,0.0,-0.6511299597709712,V,Y
V45*,-15.0,V,45,*,False,0.0,-15.0,V,Y
G46A,-11.143487146235472,G,46,A,False,0.0,-11.143487146235472,G,G
G46C,-2.6691848850257696,G,46,C,False,0.0,-2.6691848850257696,G,G
G46D,-0.38288591421289697,G,46,D,False,0.0,-0.38288591421289697,G,G
G46E,-0.1705112019035968,G,46,E,False,0.0,-0.1705112019035968,G,G
G46F,-9.299866565661624,G,46,F,False,0.0,-9.299866565661624,G,G
G46H,-5.050092050626041,G,46,H,False,0.0,-5.050092050626041,G,G
G46I,0.285579466924346,G,46,I,False,0.0,0.285579466924346,G,G
G46K,-16.770904827728454,G,46,K,False,0.0,-16.770904827728454,G,G
G46L,-17.145257006279273,G,46,L,False,0.0,-17.145257006279273,G,G
G46M,-0.014913534898387204,G,46,M,False,0.0,-0.014913534898387204,G,G
G46N,-0.8611445501407565,G,46,N,False,0.0,-0.8611445501407565,G,G
G46P,-8.92883372928857,G,46,P,False,0.0,-8.92883372928857,G,G
G46Q,-2.5362336723039594,G,46,Q,False,0.0,-2.5362336723039594,G,G
G46R,-10.455620086132173,G,46,R,False,0.0,-10.455620086132173,G,G
G46S,-6.835310685966135,G,46,S,False,0.0,-6.835310685966135,G,G
G46T,-3.647157315656251,G,46,T,False,0.0,-3.647157315656251,G,G
G46V,-4.976130525418693,G,46,V,False,0.0,-4.976130525418693,G,G
G46W,-12.007189637222922,G,46,W,False,0.0,-12.007189637222922,G,G
G46Y,-15.23361828236476,G,46,Y,False,0.0,-15.23361828236476,G,G
G46*,-15.0,G,46,*,False,0.0,-15.0,G,G
L47A,0.35121692604908294,L,47,A,True,3.1672326065598693,3.518449532608952,L,L
L47C,-11.147288545438766,L,47,C,True,-1.5443602413527553,-12.691648786791522,L,L
L47D,-6.909290478502094,L,47,D,True,-2.004420463832311,-8.913710942334404,L,L
L47E,-12.496574006568398,L,47,E,True,-0.9158510366865531,-13.41242504325495,L,L
L47F,-12.059177814485247,L,47,F,True,0.7870413937099267,-11.27213642077532,L,L
L47G,-4.264286298936054,L,47,G,True,-0.5239621883229822,-4.788248487259036,L,L
L47H,-2.453111066705741,L,47,H,True,-0.6611076939727012,-3.114218760678442,L,L
L47I,1.9153340352664177,L,47,I,True,-1.6819314013467728,0.2334026339196449,L,L
L47K,0.8004733111384155,L,47,K,True,2.2092670945803725,3.009740405718788,L,L
L47M,-5.968796692294796,L,47,M,True,-0.9350583562895027,-6.903855048584298,L,L
L47N,-5.398272749231229,L,47,N,True,-1.6210529283693793,-7.019325677600608,L,L
L47P,-3.9936584174122673,L,47,P,True,-0.18379513904118616,-4.177453556453454,L,L
L47Q,-1.4267626131683206,L,47,Q,True,-1.2116146433264308,-2.6383772564947514,L,L
L47R,-5.967203389981978,L,47,R,True,-0.34883433572305844,-6.316037725705036,L,L
L47S,-0.23769821436855665,L,47,S,True,2.0027255049388524,1.7650272905702957,L,L
L47T,-0.13318317064235652,L,47,T,True,-0.6696850900387663,-0.8028682606811228,L,L
L47V,-6.2554750519556475,L,47,V,True,-0.07468302646732433,-6.330158078422972,L,L
L47W,-0.4155419083329508,L,47,W,True,-0.5528171686212703,-0.9683590769542211,L,L
L47Y,-1.0020993840611103,L,47,Y,True,-0.28760935267757803,-1.2897087367386884,L,L
L47*,-15.0,L,47,*,True,0.0,-15.0,L,L
R48A,-12.85662735504501,R,48,A,False,0.0,-12.85662735504501,R,D
R48C,1.606010322028497,R,48,C,False,0.0,1.606010322028497,R,D
R48D,-0.12280783773943771,R,48,D,False,0.0,-0.12280783773943771,R,D
R48E,-4.414215410071131,R,48,E,False,0.0,-4.414215410071131,R,D
R48F,-7.196758094507006,R,48,F,False,0.0,-7.196758094507006,R,D
R48G,-10.484770002540728,R,48,G,False,0.0,-10.484770002540728,R,D
R48H,-7.749877910696285,R,48,H,False,0.0,-7.749877910696285,R,D
R48I,-0.6537135576530568,R,48,I,False,0.0,-0.6537135576530568,R,D
R48K,-0.13821554383936419,R,48,K,False,0.0,-0.13821554383936419,R,D
R48L,-2.697200019408342,R,48,L,False,0.0,-2.697200019408342,R,D
R48M,-6.392159286125769,R,48,M,False,0.0,-6.392159286125769,R,D
R48N,-2.2497788361786384,R,48,N,False,0.0,-2.2497788361786384,R,D
R48P,-3.7298536007551544,R,48,P,False,0.0,-3.7298536007551544,R,D
R48Q,0.3970981433460852,R,48,Q,False,0.0,0.3970981433460852,R,D
R48S,-15.631434636168159,R,48,S,False,0.0,-15.631434636168159,R,D
R48T,-4.747372840247467,R,48,T,False,0.0,-4.747372840247467,R,D
R48V,-3.6999223149506006,R,48,V,False,0.0,-3.6999223149506006,R,D
R48W,-2.210419399103376,R,48,W,False,0.0,-2.210419399103376,R,D
R48Y,-0.07463213948550274,R,48,Y,False,0.0,-0.07463213948550274,R,D
R48*,-15.0,R,48,*,False,0.0,-15.0,R,D
S49A,-9.264859021044401,S,49,A,True,1.2295198801143337,-8.035339140930068,S,S
S49C,0.5674214739330887,S,49,C,True,0.7974505864402501,1.3648720603733389,S,S
S49D,-0.40309134037398814,S,49,D,True,-0.5124225538480636,-0.9155138942220518,S,S
S49E,-6.69194247838958,S,49,E,True,-1.396350720790245,-8.088293199179825,S,S
S49F,-6.203857152415617,S,49,F,True,-0.20132549142145595,-6.405182643837073,S,S
S49G,-6.2518163616278,S,49,G,True,1.2488904195364943,-5.002925942091306,S,S
S49H,0.538707525796845,S,49,H,True,-0.026029903428111668,0.5126776223687334,S,S
S49I,-8.572674269642961,S,49,I,True,-0.19148733293037662,-8.764161602573338,S,S
S49K,-1.1636198657226133,S,49,K,True,-2.7118749363240076,-3.875494802046621,S,S
S49L,-1.3849756580508925,S,49,L,True,1.4909534653075394,0.10597780725664685,S,S
S49M,1.0796234150032704,S,49,M,True,-2.2366932882273796,-1.1570698732241091,S,S
S49N,-5.2578106352483225,S,49,N,True,-1.9231612200928643,-7.180971855341187,S,S
S49P,0.19151660593052866,S,49,P,True,-0.5635611146714236,-0.3720445087408949,S,S
S49Q,-1.553807709902333,S,49,Q,True,0.05196581365168797,-1.501841896250645,S,S
S49R,-1.0742332137729882,S,49,R,True,0.06761723712579612,-1.006615976647192,S,S
S49T,-5.798005340242192,S,49,T,True,-1.1456203392695168,-6.943625679511708,S,S
S49V,-3.391198702717646,S,49,V,True,-0.46970776079494714,-3.860906463512593,S,S
S49W,-0.6986674438221989,S,49,W,True,-0.9104843033643314,-1.6091517471865302,S,S
S49Y,-6.662221191478938,S,49,Y,True,-2.714326843235523,-9.37654803471446,S,S
S49*,-15.0,S,49,*,True,0.0,-15.0,S,S
G50A,-1.4123633748131006,G,50,A,False,0.0,-1.4123633748131006,G,G
G50C,-3.632293303579614,G,50,C,False,0.0,-3.632293303579614,G,G
G50D,0.8593002048743736,G,50,D,False,0.0,0.8593002048743736,G,G
G50E,0.4304520718147167,G,50,E,False,0.0,0.4304520718147167,G,G
G50F,-8.40874294282389,G,50,F,False,0.0,-8.40874294282389,G,G
G50H,0.9165957122082087,G,50,H,False,0.0,0.9165957122082087,G,G
G50I,-5.151429154877622,G,50,I,False,0.0,-5.151429154877622,G,G
G50K,-9.098533481043495,G,50,K,False,0.0,-9.098533481043495,G,G
G50L,-9.568830594022451,G,50,L,False,0.0,-9.568830594022451,G,G
G50M,-4.151533107324177,G,50,M,False,0.0,-4.151533107324177,G,G
G50N,0.8677006275307428,G,50,N,False,0.0,0.8677006275307428,G,G
G50P,-5.54452465326167,G,50,P,False,0.0,-5.54452465326167,G,G
G50Q,0.2596480257850633,G,50,Q,False,0.0,0.2596480257850633,G,G
G50R,-3.4080294893050924,G,50,R,False,0.0,-3.4080294893050924,G,G
G50S,-6.463968513931645,G,50,S,False,0.0,-6.463968513931645,G,G
G50T,-3.983816630642422,G,50,T,False,0.0,-3.983816630642422,G,G
G50V,-4.065687238145715,G,50,V,False,0.0,-4.065687238145715,G,G
G50W,-4.421292825386772,G,50,W,False,0.0,-4.421292825386772,G,G
G50Y,-7.730707649718091,G,50,Y,False,0.0,-7.730707649718091,G,G
G50*,-15.0,G,50,*,False,0.0,-15.0,G,G
